824599521407922,"к. Кондопога, ул. Фестивальная, д. 7/3 к. 2, 486521",25591297,2012-10-27
952452049853986,"клх Сладково, наб. Надежды, д. 728 к. 8, 009068",25355831,1996-08-10
631139069451502,"с. Камень-на-Оби, алл. Просторная, д. 13 к. 2/7, 331821",26160992,2011-03-13
124930849647171,"п. Тура, пер. Ушакова, д. 900 к. 160, 836844",12523211,2003-12-01
575528223630013,"д. Дмитров, алл. Ильича, д. 10 стр. 4/3, 914333",36756834,2001-11-15
118808315392150,"к. Ростов, пер. Сосновый, д. 190 стр. 8, 203336",27647821,1986-01-29
193183344968393,"п. Макаров, ул. Больничная, д. 72 стр. 447, 683158",36471829,1995-03-24
639289004476470,"с. Астрахань, ул. Приморская, д. 8 стр. 2/3, 078579",38019195,2017-02-13
380187520940577,"ст. Иркутск, ул. Короткая, д. 306, 749096",8102974,2016-04-26
528314460353532,"г. Минеральные Воды, ш. Бажова, д. 539, 024422",13779420,1992-07-14
241241140027426,"ст. Калачинск, пр. Украинский, д. 6/1, 240622",18405221,2009-08-27
563579206159003,"ст. Мураши, ул. Крайняя, д. 6/5 стр. 1, 913280",9410349,2011-08-15
258105905195381,"г. Мыс Шмидта, алл. Щербакова, д. 160 к. 1/5, 884227",25316464,1997-05-29
289993470146445,"ст. Лянтор, пр. Л.Толстого, д. 5/8 к. 14, 517346",35504843,2020-02-25
501160083489266,"п. Дагомыс, алл. Тенистая, д. 501 стр. 83, 379564",25246001,1979-10-18
366892316106061,"п. Льгов, алл. Красноармейская, д. 9/6, 909235",19963534,1973-08-05
804205841980542,"г. Холмск, бул. Жданова, д. 941, 826735",38110513,1978-12-10
504592314852331,"к. Зарайск, ул. Грибоедова, д. 80 стр. 38, 067097",37560640,1995-01-05
755920646088785,"с. Каспийск, бул. Ульяновский, д. 6 стр. 3, 627813",33247258,1991-12-26
500836416137153,"г. Бомнак, алл. Докучаева, д. 4/5, 632818",13525842,1970-12-10
618167220517592,"клх Махачкала, алл. Новая, д. 68 стр. 6/8, 275365",9918820,2006-11-09
232565125289715,"клх Уренгой, ул. Труда, д. 100 стр. 2/6, 161932",36794468,2011-12-27
225587221148256,"д. Октябрьское (Хант.), бул. Садовый, д. 184 стр. 3, 047565",13853596,1983-09-12
525860715610218,"с. Шадринск, ул. Тукая, д. 59 стр. 90, 489141",38144508,1978-02-06
766590708252621,"д. Кириши, наб. Ушакова, д. 4 стр. 13, 349537",24157620,2017-08-27
770271548033479,"с. Кизляр, пр. Гаражный, д. 999 стр. 66, 439312",10375498,2015-12-17
470639760162361,"к. Арсеньев, бул. Толстого, д. 3 стр. 10, 735763",6267427,1978-05-31
782501452380312,"ст. Домбай, ш. Демьяна Бедного, д. 5 стр. 7/2, 175848",20748993,1987-12-15
817499170670031,"д. Геленджик, пр. Октября, д. 272 к. 927, 211575",22427461,2007-03-30
585095412528800,"с. Мирный, пер. Пригородный, д. 9 к. 251, 839810",17030743,1970-12-15
804630837972473,"д. Кировск (Мурм.), пер. Ватутина, д. 65 к. 8/9, 878329",25712604,1990-03-24
487518354887791,"д. Губкинский, наб. Пролетарская, д. 1 к. 9/7, 501884",32756287,1985-10-31
306404504401488,"с. Челябинск, ш. Юности, д. 9, 412399",28368915,1971-11-30
487973530603334,"п. Ведено, пер. Набережный, д. 76, 729375",13824192,2012-09-05
177592132343879,"ст. Губкин, алл. Сибирская, д. 875 к. 48, 201937",38320968,1989-08-03
907752397841389,"п. Александровск-Сахалинский, пр. Полярный, д. 6/7 к. 6, 095649",12656077,1976-08-23
550333529889346,"с. Карачаевск, пер. Новоселов, д. 7 стр. 5/3, 526399",6374389,2007-03-10
977681346557391,"клх Мыс Шмидта, пер. Харьковский, д. 127 стр. 6, 101226",17329422,2014-05-24
990185199794530,"г. Петушки, ш. Металлургов, д. 5, 955871",21397391,1984-02-27
175898564215112,"ст. Санкт-Петербург, пр. Карла Либкнехта, д. 168 стр. 88, 382384",12591607,2020-04-22
914096958840604,"г. Арзамас, пер. Прохладный, д. 1/6 к. 77, 336723",13891355,2002-05-27
471695947901270,"к. Медногорск, пер. Победы, д. 2, 465803",23591344,1979-05-30
560432795713965,"ст. Сальск, пер. Линейный, д. 881 стр. 1, 272321",24155864,1974-03-20
245453738773211,"клх Киров (Вятка), пр. Коммунаров, д. 901 к. 2/1, 314578",8440829,1986-01-12
940530184998271,"с. Оленек, алл. Высотная, д. 26, 565771",28306154,1991-01-03
869031124415960,"ст. Черусти, ш. Пушкина, д. 7/5 к. 434, 896668",16089348,1972-05-16
883555247320971,"клх Сеймчан, ул. Социалистическая, д. 87, 324526",39127185,1992-03-09
508846033290853,"с. Юрьев-Польский, алл. Ленская, д. 7 стр. 410, 977116",19467827,1972-07-24
605832492737443,"клх Хоста, наб. Сосновая, д. 24, 137373",35161893,2014-06-16
513137798024338,"г. Находка, ш. Огородное, д. 36 к. 3/3, 985892",26242734,1974-07-14
340526526468342,"к. Городовиковск, алл. Есенина, д. 519, 842438",19305706,2000-12-14
847786638490116,"к. Ачинск, бул. Герцена, д. 3/5 к. 4/6, 202771",7691757,1970-12-27
346195786406101,"к. Серафимович, ш. Космонавтов, д. 2 стр. 58, 690603",4605519,1992-10-02
557850525221625,"п. Зеленогорск (Ленин.), алл. Славянская, д. 240, 572383",38304197,1977-04-05
609566411233112,"с. Егорьевск, алл. Крупской, д. 180 к. 5, 334593",37906997,1975-08-18
679076152936253,"с. Торжок, наб. Буденного, д. 437 стр. 4/4, 960605",35965058,2002-02-26
818220189939613,"клх Зеленогорск (Ленин.), пр. Дружбы, д. 2 стр. 214, 359276",9173181,1976-08-01
905563245275818,"с. Горно-Алтайск, алл. Почтовая, д. 41 стр. 68, 077590",21869738,2007-10-15
158424314182581,"с. Барнаул, алл. Марта 8, д. 81 к. 3, 323358",16367051,2009-09-30
794631336743378,"к. Владимир, наб. Свободная, д. 932 стр. 8, 407771",37063929,2014-05-13
817321569431968,"с. Славгород, бул. Пархоменко, д. 1 к. 38, 365680",16903679,1974-09-04
217866862466310,"п. Выборг, пер. Советов, д. 6/3 стр. 46, 985384",34206306,2005-11-15
937575881151208,"с. Кузнецк, ш. Горького, д. 9/6 стр. 4, 338755",38354321,1970-09-27
578635772704503,"п. Приозерск, наб. Леваневского, д. 507 к. 75, 918314",39657367,1978-12-26
495177431900027,"к. Балтийск, пер. Песочный, д. 1/7, 237211",9735265,1974-02-02
408303918114100,"г. Краснотурьинск, бул. Студенческий, д. 71 к. 692, 985851",34363413,1985-07-08
876139688897882,"к. Александров Гай, бул. Ясный, д. 4/3 к. 6, 512713",39714872,2011-05-21
210662620988248,"п. Можга, пер. Папанина, д. 8/6, 948041",25269251,1974-11-17
398578032752089,"п. Агинское (Забайк.), бул. Циолковского, д. 446 стр. 6/8, 933829",4309798,1984-06-02
646923723604627,"с. Сунтар, пер. Коммунальный, д. 7/8, 957890",25910694,2000-01-23
130406768392138,"с. Златоуст, наб. Южная, д. 1/7 к. 38, 053310",36813256,1977-12-24
586904322972199,"г. Междуреченский, пер. Карьерный, д. 6 к. 6, 664187",20283911,1977-09-20
362279188244696,"г. Ивдель, ш. Таежное, д. 428 к. 940, 371059",22570706,2018-01-31
598362079689999,"ст. Тулпан, пр. Пригородный, д. 66, 543740",12258096,2008-09-15
739792225481839,"ст. Тавда, алл. Карла Маркса, д. 3 к. 4, 549746",20846144,2013-07-08
378231123635641,"с. Певек, пр. Енисейский, д. 84, 598202",5967297,1984-01-15
753675445962806,"к. Калач-на-Дону, пер. Песчаный, д. 202 стр. 5, 225137",39867842,1985-07-27
104982162420771,"д. Снежинск, алл. Серафимовича, д. 22 стр. 9/6, 795528",13302369,2000-06-14
832599499754219,"ст. Кисловодск, алл. Ореховая, д. 69, 427812",9217627,2000-11-04
494796952265615,"к. Туапсе, алл. Ильича, д. 700 стр. 2, 672018",11318774,2012-08-17
790791559999249,"д. Торжок, ш. Таманское, д. 85 к. 76, 675095",8428202,2006-01-28
471635144954588,"клх Тында, ул. Невского, д. 922, 942371",35378625,2012-09-27
315704409885446,"п. Кузнецк, пр. Советской Армии, д. 4, 805350",27390431,1985-06-28
481505137746987,"ст. Костомукша, наб. Космонавтов, д. 981, 940883",32946817,1996-06-11
929908639442663,"п. Кизел, наб. Литейная, д. 920 стр. 4, 953072",33026724,1974-07-29
268953243055907,"д. Южноуральск, пер. Линейный, д. 28 к. 96, 609115",28559864,1982-08-25
434537712235394,"к. Сургут (Хант.), бул. Тупиковый, д. 7/6 к. 92, 937464",5399374,2000-03-06
403594016110138,"с. Салехард, пр. Есенина, д. 2/1 стр. 23, 164983",14466382,2019-03-24
917331794358109,"клх Россошь, ш. Металлургов, д. 947 стр. 77, 629133",26225521,1994-11-22
215300088133435,"ст. Ярославль, бул. Промышленный, д. 67 стр. 6, 139645",17663633,1984-10-13
927859696781122,"с. Соликамск, наб. Володарского, д. 5/9 стр. 3, 238388",28458403,2013-09-27
420176034452154,"ст. Павловская, пер. Сенной, д. 6/2, 783919",31921965,1973-11-30
715539381527074,"г. Челябинск, пер. Звездный, д. 99, 726015",28947879,2000-10-09
498347702120012,"ст. Шатки, ш. Жданова, д. 8/6 к. 298, 163488",3654921,1972-01-18
219672980802404,"п. Северодвинск, пер. Ушакова, д. 71, 521500",23342868,2019-01-14
787066366019783,"клх Северо-Курильск, ш. Проточное, д. 34, 403681",24036660,1970-04-23
365844372728336,"с. Саранск, пр. Маркса, д. 1/5 стр. 2/2, 406842",23504976,1982-05-22
946850875865600,"п. Томск, ул. Техническая, д. 3, 064220",12733746,1976-07-20
263807621246214,"с. Южно-Курильск, бул. Привольный, д. 5/8 к. 4, 145602",22244800,1998-02-07
941535119358098,"с. Жигулевск, алл. 70 лет Октября, д. 608 к. 47, 868899",33692730,1971-06-14
867851294012594,"г. Минусинск, алл. Дальневосточная, д. 99 стр. 7/2, 656515",15726866,2002-02-24
792284382089811,"д. Зеленогорск (Ленин.), бул. Баумана, д. 8, 941440",9357793,1988-09-23
600411028986427,"г. Новороссийка, ш. Малиновое, д. 8/6 стр. 491, 813616",6507796,1986-06-18
261140315107519,"к. Сосногорск, пер. Песочный, д. 113, 014158",35069562,1978-12-06
844247348057746,"п. Кострома, пер. Весенний, д. 7/8, 508224",19981766,1996-11-08
103544155673508,"д. Ухта, пер. Надежды, д. 93 к. 13, 327630",7755590,1989-01-19
422996209649211,"к. Кызыл, пер. Киевский, д. 9/7 к. 7, 292493",25160790,1982-11-28
236590815249357,"п. Сусуман, ш. Воронежское, д. 284 стр. 2/3, 978728",15663948,2002-01-14
306304383723924,"к. Певек, наб. Красногвардейская, д. 44, 502410",9251109,2015-03-05
979952667413209,"п. Киренск, наб. Макаренко, д. 6/5, 353560",5770128,2015-04-23
630033094902810,"клх Сургут (Хант.), пер. Азовский, д. 46 к. 19, 556582",3263976,1972-11-20
117542271106440,"г. Мичуринск, наб. Пожарского, д. 7/6 к. 946, 678794",30444102,1991-11-18
346828492793041,"к. Кемерово, пер. Цветочный, д. 6/4 стр. 3, 922400",13235007,1972-04-08
590234585018814,"п. Гусь-Хрустальный, ш. Космодемьянской, д. 2/2, 171346",11625626,1974-12-20
979837005243622,"п. Усолье Сибирское, пр. Коммунальный, д. 34 к. 258, 913115",18038365,1997-09-20
940436842666088,"г. Новосибирск, ш. Транспортное, д. 5, 856780",25186077,1994-01-27
120117613477727,"клх Дудинка, наб. Чапаева, д. 7 стр. 904, 355441",31498102,1974-03-03
535885726921673,"к. Усть-Кулом, алл. Рылеева, д. 8/1 к. 6, 802203",26309012,1988-06-21
448395845931157,"с. Серов, алл. Поселковая, д. 60 к. 2, 988828",15538983,2007-05-23
346225363964828,"ст. Яр-Сале, алл. Вокзальная, д. 66 к. 15, 250182",3996363,2008-11-22
720781895422119,"п. Теберда, ул. Леонова, д. 3 стр. 8/1, 767177",26661711,1992-03-23
272598662925857,"д. Палана, пер. Пирогова, д. 4/8 к. 249, 286855",11558929,2016-06-18
513381607924576,"клх Домодедово, ш. Привольное, д. 99 к. 2/4, 413038",16262417,1988-02-19
474536288015457,"д. Забайкальск, ул. Серова, д. 379 стр. 9, 849795",5864186,1992-02-09
175650238442398,"с. Железногорск(Курск.), ш. Ярославское, д. 6 к. 26, 063591",28789872,1971-01-19
651046973164856,"клх Теберда, алл. Трудовая, д. 8 стр. 871, 655910",22406445,1990-02-20
700611811460909,"ст. Ардон, пер. Высоцкого, д. 8 к. 27, 698607",36854475,1982-03-24
968351164923710,"с. Диксон, бул. Поселковый, д. 6/5 к. 928, 382959",18815085,1970-07-10
673703002540084,"г. Лодейное Поле, пер. 50 лет Победы, д. 69 стр. 485, 276575",37116394,2007-07-16
776730273590505,"п. Смирных, ул. Первомайская, д. 2/3 к. 918, 501599",5703160,2009-12-03
848758606187581,"ст. Ивдель, ул. Ульянова, д. 96, 665263",5983074,1975-01-11
574996008915456,"клх Воскресенск, наб. Пионерская, д. 7, 160083",8537911,2014-05-24
774035346769022,"клх Баргузин, алл. Заовражная, д. 3, 230948",23236400,2004-01-05
774451092235726,"п. Череповец, бул. Тополиный, д. 5/2 к. 3, 192078",8962741,2015-09-29
445374506812358,"к. Нефтегорск (Самар.), пр. Грибоедова, д. 6 к. 84, 029534",16892365,1975-02-15
806806178438473,"к. Каменномостский, наб. Лазурная, д. 6/3, 327776",10025159,1982-05-25
408069981211635,"с. Нарьян-Мар, пер. Чайкиной, д. 275 к. 8, 425951",19398455,1978-10-27
976129772286930,"к. Кудымкар, бул. Шахтерский, д. 7/9 стр. 198, 824585",12736900,2009-08-25
746871784479661,"к. Пушкинские Горы, ш. Микрорайон, д. 27, 656610",39468896,2011-06-03
283409078692211,"ст. Ачинск, пр. ДОС, д. 15 стр. 39, 029848",9675262,2018-05-08
210750761799463,"с. Краснодар, наб. Пирогова, д. 60 стр. 520, 180595",14615767,2004-03-23
233288562531724,"ст. Елец, ш. Кочубея, д. 51 стр. 210, 174923",16554646,2013-06-25
990682285273103,"к. Тайшет, пр. Виноградный, д. 22 стр. 423, 194035",9063478,2019-08-20
698909615691588,"д. Красная Поляна, наб. Ульяновская, д. 6 к. 630, 838730",22060753,2018-06-07
521004703313952,"п. Избербаш, алл. Физкультурная, д. 2 стр. 57, 701097",13568515,1991-06-28
479928916163545,"д. Наро-Фоминск, пр. Песчаный, д. 5/7, 513680",27213056,1977-07-02
594382089521628,"к. Белокуриха, пер. Российский, д. 57 к. 63, 045326",17960847,1981-02-05
261106408380047,"к. Валдай, пер. Ставропольский, д. 23 к. 2, 403952",2516393,1977-01-06
994942119605530,"с. Щелково, наб. Пушкинская, д. 30 стр. 973, 650237",9765410,1972-11-15
881102138600237,"с. Кимры, ул. Ульянова, д. 5/9 к. 9/6, 187573",24732617,2006-12-29
313739680407785,"клх Троицко-Печорск, ул. Угольная, д. 5/8 стр. 47, 398474",5477004,1980-05-07
773887203121319,"д. Нижний Тагил, наб. Гастелло, д. 7/4 к. 2, 205742",5282752,2019-02-20
248124872735191,"д. Москва, наб. Вольная, д. 96, 131439",6131126,2007-07-09
355476163705330,"клх Богучар, пер. Менделеева, д. 2/3 стр. 84, 865551",21048673,2010-11-11
350792319810704,"ст. Сызрань, ш. Леваневского, д. 1 к. 1/1, 063823",33125601,1993-08-30
457630604924283,"г. Новгород Великий, ш. Мелиоративное, д. 1, 776257",15252969,1997-02-16
365126379535390,"с. Буйнакск, ш. Строительное, д. 6 стр. 98, 280949",26043569,1974-05-02
460255626096357,"п. Североморск, алл. Слободская, д. 822 к. 8, 968369",22345598,1997-05-08
382068887932080,"клх Кострома, алл. Новосельская, д. 7/1 к. 8, 685575",12219278,2012-09-18
774323142941782,"клх Малая Вишера, бул. Геологов, д. 79 к. 9/1, 807312",24237188,1999-06-22
342810806296203,"ст. Ейск, ул. Глинки, д. 5/1 стр. 681, 531162",32427223,2001-02-06
544159144117753,"п. Нарткала, пер. Бригадный, д. 2/2 стр. 53, 516543",9682456,2005-11-12
948499145874669,"ст. Двинской, наб. Коммуны, д. 6 стр. 9, 525425",38672463,1977-07-15
408704931221161,"с. Кимры, алл. 70 лет Октября, д. 37, 086208",26161242,1989-03-14
692304546608142,"с. Балтийск, наб. Угольная, д. 8/5 стр. 3/3, 570494",35229203,1970-12-25
431682759386101,"д. Саров (Морд.), ш. Макарова, д. 2/8, 857057",30034146,2000-07-11
304972638216864,"с. Малгобек, бул. Астраханский, д. 903, 937096",38223497,2007-08-14
198767598804057,"г. Подольск, пр. Прудовой, д. 6 к. 80, 867940",34937153,1975-03-11
913644851481793,"ст. Сочи, алл. Павлика Морозова, д. 10 стр. 656, 560341",6339082,1986-07-25
787743071721174,"п. Тутончаны, пер. Черемушки, д. 72, 159373",15692819,2016-12-31
241678277817494,"клх Дербент, наб. Безымянная, д. 9, 226533",21977035,1981-01-12
959026703755244,"ст. Карабудахкент, пр. Циолковского, д. 3, 799500",20332517,1971-09-02
263025001244137,"г. Певек, ул. Чапаева, д. 4 к. 89, 403364",14117547,1980-05-16
212647235334111,"г. Малгобек, наб. Деповская, д. 37 к. 6/1, 047522",14100961,1977-11-05
576835094053058,"к. Лесной (Сверд.), алл. Красина, д. 87 к. 1, 655035",28279821,2014-01-25
481274572743074,"ст. Прохладный, алл. Песочная, д. 6, 921123",32090848,1974-05-25
582100418819376,"п. Ростов-на-Дону, алл. Шоссейная, д. 4, 113461",6190972,1998-05-26
592510260248436,"г. Омск, пер. Льва Толстого, д. 538, 180863",9912862,2014-03-01
852647859127091,"с. Одинцово, алл. Орджоникидзе, д. 42 стр. 8/7, 033901",32803249,2020-04-22
718600526976807,"г. Алапаевск, наб. Революции, д. 1 стр. 9, 488853",33587550,1971-10-02
363304895439235,"ст. Уэлен, пер. Иванова, д. 198, 060605",8114834,2016-06-10
385337227674152,"к. Кущевская, ш. Восьмого Марта, д. 88, 820400",25525145,1985-09-24
431173235614613,"клх Ханты-Мансийск, пр. Речной, д. 9/7 стр. 79, 940085",7929109,1970-01-09
393930691012202,"п. Пинега, алл. Маркса Карла, д. 16 к. 5, 798106",12797810,2006-10-04
954337618234402,"г. Сибай, пер. Ленский, д. 9/1 стр. 85, 529170",23044687,1970-10-26
560404623215166,"ст. Курильск, наб. Фурманова, д. 602 к. 71, 437495",22726696,1974-07-29
804741624322493,"с. Липецк, пр. Леваневского, д. 677, 100541",33301342,2007-09-27
938573110797446,"п. Одинцово, бул. Целинный, д. 6/7, 886483",28451085,2011-03-02
901462307049592,"ст. Омск, пер. Дальневосточный, д. 19 стр. 2/7, 127464",34980624,2000-11-17
954141233056883,"с. Усть-Катав, ш. Космическое, д. 4/2 к. 9, 272013",7133527,2002-12-20
654458601513007,"ст. Ростов, бул. Белорусский, д. 9/9 стр. 6, 116767",16447301,2014-11-12
299973313469988,"к. Усмань, бул. Бульварный, д. 519 стр. 4/3, 348513",28581699,1983-02-20
823863262821634,"д. Сортавала, ш. Пархоменко, д. 80 к. 4/6, 030595",30893212,1971-03-11
340145561382761,"п. Кудымкар, алл. Луначарского, д. 44 к. 963, 882979",3320816,2016-04-07
456457559195481,"клх Елатьма, ш. Линейное, д. 564 к. 9, 845007",31759642,1982-11-18
473236028440238,"п. Пушкин, алл. Безымянная, д. 9, 155288",33451083,1970-05-29
658044490169767,"д. Ставрополь, бул. Буденного, д. 464, 458386",7435564,1988-10-29
871688348882804,"г. Ростов, пр. Механизаторов, д. 42 стр. 521, 160569",32215716,1977-11-17
913789332764652,"г. Серпухов, алл. Кубанская, д. 1/8, 751095",25164238,1990-09-27
929146042664952,"п. Александровск, наб. Красных Партизан, д. 1, 434368",30036124,1990-04-29
135336019770240,"п. Владимир, наб. Линейная, д. 61, 360936",18938278,2016-06-11
228322878329291,"ст. Кущевская, ул. Пионерская, д. 7 к. 68, 481831",15085753,1970-09-09
475747172664149,"д. Дудинка, ш. О.Кошевого, д. 74 к. 593, 571556",28187691,1990-06-05
423575113280214,"г. Комсомольск-на-Амуре, пр. Балтийский, д. 13, 465543",34896911,1994-08-02
488723194371135,"г. Миллерово, алл. Чкалова, д. 70 к. 42, 232639",14550723,1977-06-23
238478613296048,"ст. Октябрьское (Хант.), пр. Бажова, д. 6 к. 7/7, 612889",8246149,2007-07-06
681811376478225,"ст. Можайск, ш. Таежное, д. 1/2 стр. 7, 377250",34781905,2002-11-24
997212967380984,"с. Анива, бул. Магистральный, д. 74 стр. 926, 808454",39648792,2001-04-06
527141039810777,"д. Тамбей, пер. Высокий, д. 2/4, 052805",6267876,1978-10-01
592612572709739,"д. Волгоград, ш. Разина, д. 506, 129577",22118010,1971-06-02
544209160731782,"с. Павловский Посад, ш. Автомобилистов, д. 4/9 стр. 2/5, 322261",6832768,2007-01-02
314482276182855,"г. Махачкала, алл. Поселковая, д. 484 к. 9, 462827",38462855,1971-08-07
979247630354641,"клх Талдом, бул. Лазо, д. 1 стр. 946, 165677",15031141,2004-02-16
688316509391784,"д. Териберка, ш. Бажова, д. 60 стр. 1, 823351",23679053,1993-11-05
596470045152709,"клх Тосно, ул. Песочная, д. 2/6, 319098",3653470,1994-01-07
760760029064133,"клх Славгород, алл. Пугачева, д. 9 стр. 477, 358249",35444721,2019-10-24
720893052773045,"к. Серебряные Пруды, пр. Урицкого, д. 8, 693949",19193453,2001-03-05
114507513142261,"клх Архыз, бул. Центральный, д. 7 стр. 5/9, 177863",9007417,2001-10-11
483829845497963,"ст. Неплюевка, алл. Чапаева, д. 1 к. 6, 443475",16877530,2011-12-14
416804175845507,"г. Щельяюр, пр. Окружной, д. 69 стр. 135, 925093",4272353,2007-05-07
348957345945414,"п. Горячинск, пер. Васильковый, д. 9 к. 581, 468212",20376673,2013-02-06
358407593202188,"п. Шарья, бул. Дачный, д. 61 к. 9/6, 801410",21029100,2011-07-26
837280324536638,"к. Камышин, алл. Дружба, д. 394 к. 8, 850769",9894658,1998-01-08
439230189422498,"д. Торжок, пер. Высоцкого, д. 58 стр. 45, 892714",14310172,2015-06-13
700481522772365,"клх Кострома, алл. Кольцевая, д. 97 стр. 82, 610340",38009615,1984-01-26
538386493233262,"г. Бугульма, наб. Прудовая, д. 2, 471174",8808583,2002-01-18
266806639192618,"к. Усть-Баргузин, ш. Льва Толстого, д. 2/5 к. 118, 143849",26991040,1975-10-10
585954539984594,"п. Верхний Тагил, пер. Горный, д. 6/1, 461337",10667937,1972-03-22
517787551448181,"к. Фатеж, бул. Казачий, д. 2/5, 524642",35436452,1977-12-16
735043671971371,"клх Урюпинск, ш. Луговое, д. 41 к. 30, 754197",22719559,1974-07-09
990805796378405,"д. Бодайбо, пр. Терешковой, д. 8 стр. 8, 997992",25777530,2009-11-21
332731730959444,"к. Малоярославец, пр. Жуковского, д. 7/6 стр. 8, 594265",23908936,2009-09-13
593109832118331,"д. Эльбрус, бул. Геологов, д. 15, 085603",14199386,1995-01-29
527021459457212,"с. Анива, пер. Шмидта, д. 33, 857127",17192008,1993-09-04
207126305178806,"с. Петропавловск-Камчатский, наб. Вольная, д. 73, 890813",5529679,2006-06-23
807416364405787,"ст. Егорьевск, пр. Блюхера, д. 398 стр. 8/5, 227289",13783231,1996-12-24
634048735700497,"д. Малоярославец, пр. Песчаный, д. 58 к. 5/3, 933744",3689629,1984-11-09
538714089733937,"клх Соль-Илецк, ул. Озерная, д. 64, 880795",22560934,2002-06-29
498609775843034,"с. Псебай, бул. Минский, д. 5, 048853",28859562,1973-07-22
666776987833589,"ст. Нижневартовск, пр. Курский, д. 691 к. 6, 601276",15461433,1973-03-25
922672686726430,"д. Тосно, ш. Лесозаводское, д. 973 к. 4, 374786",24066615,1983-03-20
707826456909485,"ст. Бодайбо, ш. Краснофлотское, д. 119 стр. 572, 661261",15749913,2004-09-11
595070374725695,"с. Сеймчан, бул. Красногвардейский, д. 419 к. 2, 083297",5780784,1993-07-21
232270437384443,"п. Видное, ш. Достоевского, д. 988 стр. 47, 462388",23039186,2013-01-09
737134588186338,"клх Кош-Агач, ш. Абрикосовое, д. 43, 774014",31036355,1996-01-18
531913698949307,"д. Карабулак, алл. Войкова, д. 3/1 стр. 93, 202577",7791610,2011-07-21
737119078590447,"клх Тобольск, ул. Овражная, д. 9, 947116",32568021,1981-09-20
732228193276039,"к. Оса, ш. Портовое, д. 3 стр. 18, 177590",15736519,2006-05-01
738538718812339,"п. Горячинск, пр. Краснодарский, д. 32 стр. 60, 972682",14389473,1970-01-02
296416894104997,"с. Вендинга, ул. Леваневского, д. 36 стр. 411, 275391",34981932,1972-12-02
260876770234948,"г. Шатура, пер. Полтавский, д. 3/7 стр. 957, 160139",7082647,1992-06-09
506554937597882,"п. Ребриха, наб. Медицинская, д. 775 к. 34, 236662",31099666,2014-01-05
850210854769797,"клх Качканар, пер. Орловский, д. 158, 980155",10663099,2020-09-01
860322098310650,"ст. Кропоткин (Краснод.), бул. Лермонтова, д. 5, 975589",22740954,2001-08-06
637823080159257,"д. Щельяюр, бул. Астраханский, д. 106 стр. 862, 620727",28973262,1978-03-21
227806340532492,"ст. Белгород, ул. Культуры, д. 440, 447634",10989338,1978-08-22
725119404786254,"к. Красноуфимск, пр. Орджоникидзе, д. 16 к. 405, 515180",29033485,1992-08-21
844165188570798,"г. Анива, алл. Сенная, д. 2 стр. 2, 316990",7530181,1987-03-04
799436465426486,"к. Витим, алл. Запорожская, д. 52 стр. 78, 424690",3636273,1995-11-06
697009991076343,"д. Певек, бул. Жданова, д. 5/4 к. 32, 163731",28981095,1996-02-20
984564836319967,"д. Канск, бул. Волкова, д. 92 к. 92, 507828",6200435,2003-08-23
210546921712131,"ст. Буденновск, пер. Энгельса, д. 5/7, 613475",32198433,1983-11-22
790952548346755,"к. Объячево, бул. Транспортный, д. 2/8 к. 80, 455613",22457560,1976-10-10
319830647808696,"к. Галич, ш. Лунное, д. 727 к. 70, 154084",26820758,1983-11-16
246683402625054,"ст. Хужир, пер. Иванова, д. 59 к. 8/7, 133510",19033244,1978-04-24
456373904132382,"к. Усинск, ш. Шевченко, д. 877 стр. 324, 740467",19494031,2000-03-24
351461760046259,"с. Тавда, ул. Заозерная, д. 2 к. 2, 424430",38476404,2005-02-16
806108934963758,"г. Кежма, бул. Прудный, д. 7/5, 935008",34231976,1976-12-29
526136785976053,"д. Ведено, ш. Монтажников, д. 70, 250230",4717191,2000-05-13
493499994159521,"д. Томск, пр. Мая 1, д. 8/6, 763409",12533090,1996-02-06
597340331151172,"к. Озеры, ул. Крупской, д. 1 к. 734, 419263",27963699,1973-04-12
208988741356040,"п. Малая Вишера, ш. Кузнецова, д. 347, 676661",27572690,1987-01-05
620503640431856,"клх Шатой, пр. Новгородский, д. 39 стр. 5, 301636",9663074,2011-11-09
473894929801435,"к. Алдан, бул. Лунный, д. 812 стр. 4/8, 541182",22458260,2018-08-09
174915212684314,"ст. Арсеньев, алл. Ростовская, д. 1/9 стр. 170, 466685",33040819,1970-03-03
784954098072069,"клх Баксан, пр. Ворошилова, д. 179 к. 115, 695719",18940845,2009-01-27
120904110728100,"д. Мураши, ш. Сахалинское, д. 8, 874843",3854458,1979-02-17
993687325195259,"г. Коломна, ул. Высотная, д. 425 стр. 514, 610596",6268382,1979-08-25
899532127026290,"п. Нижний Тагил, пр. Машиностроителей, д. 95 к. 2, 540454",10941595,2003-04-07
592754629999838,"ст. Бодайбо, пер. Смирнова, д. 602 к. 226, 197571",33484273,1997-07-30
553981380068944,"ст. Новомосковск, бул. Мельничный, д. 559, 376501",11281246,1986-02-23
376884469011190,"ст. Каргополь, ш. Менделеева, д. 5 к. 393, 318246",15004813,1972-08-13
924904582640474,"г. Златоуст, пр. Западный, д. 1 к. 9, 665359",11921718,1979-03-12
292617142059759,"с. Моздок, ул. Абрикосовая, д. 7 стр. 185, 820363",37572105,1984-03-08
271554651627497,"с. Уварово, пр. Новоселов, д. 8/1, 168078",37983348,2007-07-25
727410797635936,"ст. Павловская, бул. Ворошилова, д. 6/7 к. 879, 710040",35333487,1970-01-30
886666358672896,"п. Городовиковск, ул. Светлая, д. 448 к. 481, 635887",21229481,1978-05-14
736321498361540,"к. Наро-Фоминск, ш. Кедровое, д. 62, 015066",16554957,2015-06-03
602141002213288,"к. Павловский Посад, ш. Деповское, д. 9/5 стр. 40, 259517",26046305,2018-03-15
771809719748984,"к. Верхний Баскунчак, пер. Горный, д. 5 к. 619, 853921",24652318,1984-11-29
338952960455523,"с. Амурск, алл. Индустриальная, д. 824 к. 5, 804827",12238043,2003-09-11
192507587659542,"клх Киров (Вятка), пер. Вавилова, д. 51 стр. 6, 480008",17790390,1974-10-02
201568643444843,"д. Биробиджан, ул. Дачная, д. 993 стр. 81, 644837",7735444,2019-04-04
392092434122611,"клх Батайск, бул. Сенной, д. 803 к. 8/2, 833433",26299672,2012-03-30
599148447207870,"ст. Балашов, бул. Волочаевский, д. 791, 226863",7215314,1980-07-06
517414945905476,"к. Троицко-Печорск, алл. Энгельса, д. 2 стр. 6/1, 776148",10036290,1976-02-27
766044035692713,"д. Санкт-Петербург, ш. Свердлова, д. 7 стр. 772, 827846",27846212,2009-02-22
941078785107632,"г. Тула, пер. Стахановский, д. 10, 608361",15548156,2002-10-30
443300341184250,"с. Кабанск, наб. Комарова, д. 498 к. 22, 850291",4091629,2017-01-22
346823402070468,"п. Александров Гай, алл. 30 лет Победы, д. 452, 494774",27011292,2005-06-06
560436421328490,"с. Кулу, наб. Аэродромная, д. 63, 443071",4416886,2007-08-11
501536006163735,"д. Минусинск, бул. Калужский, д. 9/7, 545199",33351998,1990-01-17
280784681589384,"г. Жигулевск, наб. Украинская, д. 3, 324475",2686035,2009-02-09
121375705724183,"клх Баксан, бул. Ягодный, д. 3 к. 1, 586506",11470518,2004-08-17
996092224393239,"к. Александровск, ул. Тракторная, д. 588, 588521",29235018,2011-04-22
210149742357837,"к. Смоленск, ул. Гражданская, д. 5/5, 683266",28795437,1995-12-15
158309236029176,"ст. Егорьевск, наб. Запорожская, д. 531, 411093",19668866,1994-11-07
272429041397616,"к. Гатчина, пер. Революционный, д. 7/7, 738213",39376836,1983-01-03
801827071762122,"к. Петрозаводск, бул. Лесхозный, д. 5/2 к. 45, 610639",35173407,2004-09-21
607379848945478,"г. Радужный, алл. Профсоюзная, д. 8 к. 7/5, 930930",39974939,2006-05-17
814568121394420,"г. Кимры, бул. Дальний, д. 9, 302010",2788620,1999-10-18
610193757043278,"п. Валдай, ул. Ермака, д. 6/7, 399911",39547863,2004-10-04
723178588679635,"к. Нарым, ул. Тихая, д. 1 стр. 9, 180424",2936922,2018-07-31
812833976943662,"ст. Инта, наб. Водопроводная, д. 196 к. 661, 341953",4054647,2009-05-10
103213303296494,"г. Одинцово, наб. Степная, д. 8/1 к. 4, 876297",37215388,1991-10-24
454563449009944,"ст. Сызрань, ш. Снежное, д. 9/7 к. 90, 915973",26907807,1997-04-12
822535825656069,"клх Мончегорск, пер. Приморский, д. 256, 117894",22514900,2012-11-29
198574640035270,"ст. Сосногорск, пр. Горького, д. 5/7, 837188",17369381,2004-01-18
471517558534558,"клх Кулунда, ш. Привокзальное, д. 119 к. 876, 847043",34949611,1992-03-25
662707924408773,"д. Лабытнанги, ул. Флотская, д. 864 стр. 5/6, 401725",38721434,1993-01-01
518460789937223,"п. Алексин, ул. Киевская, д. 5/2, 451441",35322283,2014-07-18
636431577425283,"г. Новый Уренгой, пр. Окружной, д. 778 к. 88, 139802",21040981,2018-12-25
183452706462477,"г. Калининград, ул. Солнечная, д. 60, 632014",22147579,1999-11-15
558386814536018,"к. Арсеньев, ул. Красногвардейская, д. 7/3 к. 150, 621522",26755259,1978-12-10
411505807938618,"с. Кунгур, пер. Ульяновский, д. 898 к. 729, 450580",11779929,1992-06-23
354159535210511,"д. Лабытнанги, бул. Уральский, д. 63 к. 8/7, 679450",10015065,1999-05-20
232063234528472,"г. Кизляр, бул. Степана Разина, д. 22 стр. 1, 599240",32733919,1986-08-23
313622926284798,"п. Советский, ул. Октября, д. 194, 324073",38037697,1983-04-14
700855807169171,"п. Тутончаны, бул. Марта 8, д. 9 стр. 99, 233078",10972399,1980-08-12
684018343580944,"г. Оймякон, ш. 30 лет Победы, д. 246 стр. 2, 677253",23217512,2007-08-21
228879115529019,"п. Тобольск, ш. 40 лет Победы, д. 719 стр. 153, 821047",22691748,1991-11-20
359752340481205,"к. Шереметьево, ул. Седова, д. 3, 850977",3295674,1976-11-29
367768486429294,"ст. Артем, пр. Тургенева, д. 3/7 к. 54, 654625",18469122,1973-04-19
215582388193377,"с. Алапаевск, алл. Слободская, д. 4 к. 4/3, 357719",29618958,2010-09-19
620065525521302,"п. Невьянск, наб. Шевченко, д. 9/1 стр. 677, 155022",4373097,1983-03-26
556687442535063,"г. Вологда, пер. Короленко, д. 5/5 стр. 28, 468906",20594553,2015-03-03
930088607049851,"д. Приморско-Ахтарск, пер. Энергетический, д. 262 к. 9/8, 294035",3316939,1983-07-06
347842188093549,"клх Дмитров, пер. Жуковского, д. 657, 184686",22307962,2012-06-23
388022011615856,"г. Домбай, пер. Ростовский, д. 10, 379243",9979847,1986-06-10
545689685721783,"п. Усть-Баргузин, алл. Высоцкого, д. 5/2 к. 8/4, 097364",7243847,2015-03-28
768781338614046,"с. Тарко-Сале, наб. Придорожная, д. 8/7 стр. 120, 231007",21260401,1985-12-24
681575744563343,"д. Певек, ш. Ягодное, д. 15, 723906",36700987,1999-07-26
205348192298416,"г. Диксон, ш. Чернышевского, д. 1/3 стр. 99, 555792",16516681,1996-01-30
146103174584418,"ст. Тихвин, пр. Гафури, д. 3/9, 054258",22941832,2007-03-09
653714789805805,"к. Талдом, бул. Механизаторов, д. 280, 485726",28156961,2019-01-26
287184118368832,"п. Обоянь, пер. Белорусский, д. 44 к. 5, 082609",9192305,2000-09-09
399390599639618,"к. Мирный, ш. Черемуховое, д. 436 к. 528, 144767",7388274,2008-07-02
654995949567712,"с. Верхний Уфалей, алл. Демьяна Бедного, д. 36 к. 46, 824552",22489078,2017-05-27
962815850126495,"с. Карачаевск, ул. Красногвардейская, д. 55 стр. 20, 399874",12026840,1973-10-15
299932329191403,"клх Амдерма, ул. Советская, д. 2/9 стр. 412, 094985",14338743,1991-01-15
444769352385186,"п. Губкин, алл. 50 лет Победы, д. 3, 402040",22591179,1999-02-27
722195026539207,"п. Териберка, алл. Королева, д. 578 стр. 8, 233309",34612443,1980-04-23
408541359549715,"д. Онега, алл. Льва Толстого, д. 4/4 к. 1/9, 848392",4029096,1983-07-30
719477656798037,"ст. Южно-Курильск, ул. Энергетиков, д. 43, 659328",31818086,1981-01-25
627873470255534,"г. Далматово, ш. Ульянова, д. 58 стр. 3/8, 093846",5410945,1987-05-05
971310436419359,"ст. Минусинск, пер. Красных Партизан, д. 3/4 стр. 42, 792797",35715335,2000-07-30
184969186013030,"г. Юрюзань, пр. Виноградный, д. 2/9, 873144",20251865,1992-11-21
148473593376519,"с. Ребриха, ш. Привольное, д. 7 к. 2/4, 784879",3796985,2017-06-17
276790248754599,"клх Каргасок, алл. Крестьянская, д. 7/1 стр. 8/7, 631198",38776301,1995-06-13
705851467012594,"к. Краснотурьинск, алл. Элеваторная, д. 865, 930716",22836131,2015-12-10
150678786589438,"к. Серов, пр. Элеваторный, д. 925, 392655",10999007,1976-04-28
514149757122526,"п. Яшкуль, пер. Российский, д. 9/5, 118870",15788184,2018-07-14
772884277409735,"г. Чебаркуль, пер. Донской, д. 242 к. 81, 863832",33083323,1985-07-08
194267703056222,"к. Красноуральск, пер. Чапаева, д. 30 стр. 340, 059930",34494562,1991-08-18
820025714930394,"п. Завьялиха, алл. Космонавтов, д. 3/8 стр. 2/7, 581042",4859910,2008-06-03
914020541854173,"к. Апшеронск, бул. Гафури, д. 33 к. 7/2, 526796",26283902,2007-03-07
685189466839616,"клх Аргаяш, пр. Луначарского, д. 77, 228006",28676386,1977-05-15
883159609791346,"клх Сеймчан, ш. Баумана, д. 805, 144033",21602720,2004-11-29
582729360893110,"к. Томск, пр. Воровского, д. 3 к. 5/6, 998269",16222780,1986-10-26
894402988666794,"с. Великий Устюг, ул. Октябрьская, д. 219 стр. 6/7, 493802",24139264,2000-09-02
300772207536998,"п. Каргасок, наб. Болотная, д. 6, 081653",5219308,1970-04-25
642766432007964,"г. Домодедово, пр. Ильича, д. 507, 859455",33212471,1974-03-10
634840195816873,"п. Хоста, алл. Олега Кошевого, д. 31 к. 74, 952992",15368340,1990-06-04
945403935597805,"ст. Тихвин, ш. Ильича, д. 4 к. 7/3, 230685",11965331,2013-02-10
293783035315857,"клх Усть-Баргузин, ул. Советская, д. 4/7 к. 4/5, 069650",22575398,2014-08-16
353089625758401,"п. Коломна, ул. Нижняя, д. 7 стр. 9, 857541",20008379,2013-12-29
237053931636577,"д. Ялуторовск, наб. Октября, д. 39 к. 25, 862393",35550781,2017-08-25
290128619265765,"п. Астрахань, пер. Красноармейский, д. 1, 683768",17094790,1992-10-28
978080882725944,"клх Комсомольск-на-Амуре, пр. Камский, д. 8, 003236",17095341,2008-08-22
267418231690740,"ст. Мценск, бул. Гастелло, д. 6 стр. 5/6, 801073",7200222,2012-10-31
829313740659359,"клх Братск, пр. Ватутина, д. 9 к. 18, 374870",22526322,1975-06-21
149603613545716,"п. Оса, ул. Свободная, д. 7/9 к. 2, 772292",5237658,2004-06-22
345155103721688,"ст. Токма, пр. Парижской Коммуны, д. 1 стр. 39, 170475",36394637,1997-08-08
242662193066665,"г. Орехово-Зуево, бул. Северный, д. 33, 788599",23766879,1992-09-29
340583254937069,"п. Листвянка (Иркут.), пер. Карла Либкнехта, д. 347 стр. 314, 231021",11674984,1973-08-17
916890213950220,"с. Касимов, ул. Радужная, д. 2 стр. 964, 482922",35062671,1974-08-30
659724911972895,"с. Ардон, пр. Технический, д. 546 к. 1/1, 947495",15918104,2015-07-06
182308205372445,"ст. Белорецк, ул. Краснознаменная, д. 2/5 стр. 6, 940316",25108943,2018-03-07
308676233105839,"ст. Верхний Тагил, пер. Загородный, д. 82, 028581",25268984,2009-07-17
375317101922542,"п. Уренгой, алл. Титова, д. 5/3 стр. 581, 007070",31460638,2015-10-29
323718301893794,"ст. Красноселькуп, наб. Мая 1, д. 8/7, 932349",31479534,1984-09-05
218210560198732,"клх Шахты, ш. Астраханское, д. 8/4 стр. 1/2, 354230",14644110,1981-01-09
902540792719906,"к. Сергиев Посад, ул. Васильковая, д. 5 стр. 52, 026690",18074468,1976-04-21
258668555800236,"д. Пушкино (Моск.), ул. Фрунзе, д. 99, 609202",39412584,1972-02-26
595030368731096,"п. Клин, пр. Ермака, д. 6, 643554",5832308,1981-01-11
438532182560116,"г. Великий Устюг, ш. Донское, д. 927 стр. 47, 751919",25418727,2011-03-14
968296978009914,"г. Токсово, пр. Карла Маркса, д. 3 к. 5, 766896",21384296,2007-06-06
369971791460327,"к. Калачинск, наб. Шевченко, д. 735 стр. 70, 966342",22934728,1986-10-05
754255323235107,"д. Саратов, ул. Пионерская, д. 9/8, 494000",23398336,2008-07-27
574314717636591,"д. Сухиничи, бул. Достоевского, д. 7 стр. 3, 857148",13303907,2018-10-02
623470919638273,"ст. Джейрах, пер. Средний, д. 834 стр. 440, 020162",6396841,1972-12-11
676739461111630,"п. Нижний Тагил, алл. Больничная, д. 75 к. 8, 587291",29532447,2004-10-25
537633868572223,"д. Темрюк, алл. Водопроводная, д. 330 к. 87, 469148",29175280,2012-08-19
619221659925484,"с. Новороссийка, ш. Бабушкина, д. 7 к. 58, 382210",37951051,1983-01-03
675499429631012,"д. Данков, наб. Космонавтов, д. 2 к. 3, 350519",32998090,1979-03-17
241862978892360,"к. Александровск-Сахалинский, пер. Свердлова, д. 5, 616281",14595844,1985-11-09
778767335294411,"д. Холмск, пер. Энтузиастов, д. 432 стр. 989, 357142",4113963,1997-12-08
499753870753401,"ст. Видное, пр. Урицкого, д. 6, 326513",19846459,1991-08-05
427925434386731,"к. Белокуриха, пр. Сосновый, д. 338 к. 2/3, 769410",33758968,1987-09-15
982133794698685,"ст. Биробиджан, ш. Тимирязева, д. 2, 087307",3161149,2010-11-12
544204617037968,"клх Аргаяш, алл. Подлесная, д. 6/7, 887909",22021291,1976-08-14
996443073898526,"клх Переславль-Залесский, ул. Брянская, д. 8 к. 1/6, 176556",4082863,2002-02-01
169943571519302,"клх Игарка, пр. Папанина, д. 6/8, 592252",27310815,2014-01-15
143241557492400,"клх Кизилюрт, ул. Подстанция, д. 1, 289167",17973968,1971-12-20
940017360622220,"клх Медногорск, наб. Королева, д. 5/4, 140411",4348692,2007-02-24
336967293769333,"клх Аршан (Бурят.), ш. Челюскинцев, д. 61 стр. 754, 119615",4598548,1982-02-27
169897398400681,"к. Дмитров, наб. Заозерная, д. 612, 180549",7283126,1989-01-03
976564358434846,"г. Лагань, ш. Энтузиастов, д. 68, 744715",29892678,1986-11-22
424665419483775,"г. Забайкальск, пер. Островского, д. 710 к. 379, 248073",5219991,1988-09-04
735444510320543,"ст. Октябрьское (Хант.), алл. Выгонная, д. 66, 477528",15875373,1994-02-11
339083704350973,"п. Адлер, бул. ДОС, д. 6 к. 1/2, 611191",25184129,1972-09-23
558440572054189,"клх Лотошино, алл. Деповская, д. 1/1, 690045",21494147,1974-01-06
196324153068315,"п. Хасан, алл. Лазо, д. 5 к. 2, 050067",36802292,2003-05-16
844319894398031,"г. Амурск, бул. Чайковского, д. 57 стр. 3, 997636",35120302,2018-07-09
538279381154550,"клх Богучар, пер. Киевский, д. 11 стр. 9/8, 299467",26824701,1973-04-07
295473712184559,"с. Валдай, ул. Славянская, д. 38, 038828",37316776,1977-01-03
527205832619751,"д. Ханты-Мансийск, ш. Клубное, д. 96, 321143",8022096,1996-05-30
761013970748888,"ст. Балашов, пр. Партизанский, д. 648, 882030",9050466,1972-08-05
721440643079439,"ст. Нарым, пер. Светлый, д. 36 стр. 69, 501694",35004163,2002-04-09
153698345831519,"п. Череповец, пр. Виноградный, д. 1/7 стр. 26, 975207",38072471,2014-10-03
291720248421256,"к. Плесецк, пр. Марта 8, д. 11 стр. 14, 672915",30654276,2014-02-07
909894838739050,"д. Усть-Камчатск, пер. Короткий, д. 16 стр. 5, 231279",37940187,2002-11-22
507054907483530,"к. Гатчина, пр. Калинина, д. 5/1 к. 1, 703429",23016298,2006-03-09
733648929195268,"к. Новомосковск, алл. Заводская, д. 3/6, 917994",2768013,1979-12-23
639773638591527,"клх Суздаль, пр. Уральский, д. 61 стр. 5, 107551",31762632,2002-09-20
550122457348933,"клх Нижний Тагил, ул. Тенистая, д. 8 к. 57, 588449",24579828,2001-09-30
370901954189879,"п. Витим, бул. Водопроводный, д. 3 стр. 96, 888213",26109359,2014-11-13
824004147070343,"г. Озеры, бул. Кочубея, д. 3/5 стр. 12, 488820",6009266,2010-07-26
690249582155161,"ст. Каргополь, бул. Белорусский, д. 917 стр. 17, 498129",28144270,1990-10-06
657180027897457,"ст. Шатой, бул. Снежный, д. 7 стр. 926, 315095",33732625,2017-02-22
995664952687872,"клх Комсомольск-на-Амуре, пр. Культуры, д. 827 к. 782, 150502",28328864,1972-10-01
859212011576549,"д. Боровск, бул. Геологов, д. 99, 120819",23661886,1998-09-12
386633244790256,"с. Тамбов, пер. Шоссейный, д. 83 к. 50, 863437",8800737,2019-12-09
275710049559069,"д. Палана, наб. Павлова, д. 1 к. 6/8, 062269",19819017,2001-02-19
517903797682547,"п. Великий Устюг, наб. Тракторная, д. 3/1 к. 905, 818742",34948490,2016-01-24
343051720138869,"д. Корсаков, ул. Нагорная, д. 1/6 стр. 737, 248718",4431184,2009-03-20
858724037643948,"ст. Кызыл, наб. Ставропольская, д. 358 к. 418, 803885",19327550,1993-08-19
976260317770307,"г. Бологое, ш. Малиновое, д. 9 стр. 9/5, 898365",10473407,1986-01-11
365336675393422,"с. Черский, наб. Новостройка, д. 56, 267238",27489817,1984-11-23
943217351691491,"п. Карталы, бул. Лазо, д. 87 стр. 7/9, 957803",8061245,1999-03-16
625194283495701,"г. Ивдель, ул. Высокая, д. 95, 942859",36105906,2010-12-09
991872714588282,"г. Ачинск, бул. Солнечный, д. 8/6 к. 7, 806417",38037467,1972-08-17
521997644488363,"д. Междуреченский, алл. Кузнецкая, д. 2, 859960",12334241,1983-02-07
867733580685687,"клх Кизел, пер. Тракторный, д. 378 к. 5/4, 203929",29222424,2010-11-21
615505894703479,"клх Юровск, ш. Радужное, д. 1 стр. 2, 754656",6100059,2016-04-05
444597212207337,"д. Владивосток, бул. Специалистов, д. 3, 166956",31494815,2002-06-05
653521906528989,"с. Дно, пр. Краснодарский, д. 97 к. 4/7, 945741",23915040,2004-01-24
276602603930864,"г. Магадан, пр. Тепличный, д. 9/1 стр. 758, 897839",31469982,2020-09-25
589096095929782,"с. Терней, ш. Победы, д. 192 стр. 2/6, 572528",31078470,1970-11-15
728420565789879,"с. Буденновск, бул. Спартака, д. 3, 928175",8176678,1998-09-18
794067433941985,"с. Шатой, бул. Заливный, д. 47 стр. 84, 227944",9994387,1995-04-06
975753582544842,"клх Краснодар, бул. Трактовый, д. 1/8 к. 39, 356190",23124731,1987-06-18
698505871195395,"п. Домодедово, пр. Карла Либкнехта, д. 422 стр. 4, 634975",11191954,2008-08-12
738125601421814,"к. Павловская, пр. Заречный, д. 31, 879713",23092190,1976-02-26
181125988406402,"г. Озеры, алл. 40 лет Октября, д. 8 к. 666, 275441",12879948,1984-05-29
726391001200938,"п. Эльтон, ул. Терешковой, д. 8/1 стр. 3, 928921",25195388,1991-02-07
651179768942929,"клх Терней, пер. Ярославский, д. 835, 084492",9818303,2013-10-09
684250009339275,"д. Курильск, алл. Кооперативная, д. 6/6 стр. 915, 068168",29185331,2004-07-18
189383044235785,"к. Вязьма, бул. Донской, д. 84 к. 307, 718663",9499479,1978-05-05
171742494534975,"клх Шахты, алл. Красина, д. 3 стр. 20, 825767",4056621,2013-01-31
967092311303006,"к. Быково (метеост.), алл. Вишневая, д. 5/2 к. 6/2, 436909",13378669,2019-07-27
251859106382980,"д. Сочи, ул. Сахалинская, д. 5 стр. 56, 617149",26988650,2009-04-20
844869420752798,"клх Рыльск, пр. Калужский, д. 5/2 к. 168, 459642",9720396,1973-12-20
234580730227180,"с. Миллерово, ш. Шмидта, д. 11 к. 30, 107554",10847101,1985-06-15
723470457490205,"п. Калач-на-Дону, пер. Блюхера, д. 499 к. 3/9, 936919",15093303,1970-07-21
261245387237430,"ст. Советский, наб. Космонавтов, д. 5/5 стр. 8/2, 616323",31641316,1971-12-25
517728179435482,"г. Салехард, бул. Набережный, д. 9 стр. 5/7, 477915",37455963,1997-01-04
137089418948948,"д. Губаха, пер. Чехова, д. 1/4, 958198",39900239,1992-01-26
450320767167826,"ст. Шаховская, алл. 9 Января, д. 7, 880943",17816929,2010-01-15
419614158397324,"клх Усть-Баргузин, алл. Подгорная, д. 7 к. 42, 037805",38448476,1992-10-16
376975922209516,"с. Шелехов, бул. Труда, д. 2 к. 9/1, 107928",29237010,2008-04-22
988893325445755,"клх Кырен, пр. Курганный, д. 8 стр. 6, 513221",21403890,1992-05-20
671101141158257,"д. Печенга, ул. Сплавная, д. 991, 563124",15330984,2000-12-21
934075038511822,"с. Пушкин, пер. Терешковой, д. 775, 773321",6389395,2018-09-14
936958528500996,"к. Тикси, пр. Специалистов, д. 2 стр. 8/5, 619403",16943730,1979-04-13
563033817144173,"клх Малгобек, пер. 50 лет Октября, д. 89 к. 270, 357590",17235685,1980-02-21
934158516105244,"с. Мелеуз, пер. Чапаева, д. 24 стр. 91, 156855",25397842,1991-02-10
607291173006385,"к. Смоленск, пер. Горького, д. 5/5 к. 5, 344159",28895548,2009-05-20
785962810679313,"клх Ухта, пр. Щетинкина, д. 9, 866263",11435243,1985-11-27
304292828428572,"к. Новокузнецк, ул. Тимирязева, д. 447, 760898",27980843,1973-02-16
178291103243630,"г. Липецк, пр. Ватутина, д. 22 к. 23, 997507",26156437,1978-05-31
427970204488689,"ст. Галич, наб. Герцена, д. 36 к. 615, 643446",16796584,1971-11-05
311452049293511,"ст. Сызрань, наб. Подгорная, д. 1/3 к. 8, 608224",14936467,1996-04-06
699433083895910,"ст. Калуга, пер. Шевченко, д. 6 стр. 5/3, 996481",33578324,2019-06-23
251023767233288,"к. Приозерск, пр. Гвардейский, д. 7, 732657",24582213,1992-08-05
235425159983022,"г. Братск, ш. Мая 1, д. 763 к. 4/8, 412753",23641955,2009-02-09
788822786021598,"г. Слюдянка, ул. Пожарского, д. 626 стр. 9/8, 404777",6094073,1996-10-26
248829470406042,"с. Хоста, алл. Кедровая, д. 96 стр. 41, 130758",12587264,2020-04-15
548134515808724,"к. Анапа, пр. Гончарова, д. 9 стр. 2/1, 700711",6477296,2005-03-21
777771080637790,"с. Одинцово, наб. Прудовая, д. 3 стр. 6, 781632",29485391,2018-10-29
313951370789349,"клх Серафимович, пер. Детский, д. 688 к. 367, 517391",4889165,1985-09-27
275565221000445,"с. Суздаль, пер. Строительный, д. 968, 644596",26601334,1998-03-02
528532546220761,"к. Кедровый, алл. Орловская, д. 1, 681940",35799877,2003-05-18
855976201334660,"к. Иркутск, ш. Вокзальное, д. 933 к. 97, 383153",9300842,2004-09-27
474896473438614,"п. Уэлен, бул. Кузнечный, д. 660 стр. 5/9, 564360",31134066,2018-09-22
106344650075962,"клх Апрелевка, ш. Суворова, д. 6/3, 626045",32698209,1986-10-05
807769746389013,"ст. Прохладный, наб. Иванова, д. 7, 849926",25822929,1991-11-08
969976597119373,"ст. Усть-Кулом, пер. Запрудный, д. 5, 952676",26427209,1996-07-23
141083098673976,"с. Агинское (Забайк.), пр. Снежный, д. 7/8 к. 57, 332522",16249286,2016-09-30
352288698083266,"с. Шатой, пер. Хвойный, д. 522, 890325",35752550,1989-02-27
430195046749157,"с. Вологда, пер. Фестивальный, д. 5/1 к. 7, 960370",13515030,1987-01-08
994061900511191,"с. Кимры, бул. Балтийский, д. 2/9 стр. 7/6, 779696",6194368,2018-09-10
890955665091915,"клх Елабуга, ш. Маяковского, д. 133 стр. 8, 973331",29723965,1981-08-19
842592511080752,"с. Бологое, наб. Буденного, д. 600 к. 561, 238468",32391121,1982-07-08
595433691286303,"д. Малая Вишера, пр. Новгородский, д. 484 к. 9/2, 853717",33724799,2003-06-12
158069173938107,"к. Видное, пр. Тургенева, д. 2/8 к. 468, 296417",26761197,2020-08-23
609704545135271,"ст. Кондопога, алл. Кутузова, д. 96 к. 982, 373023",9569559,1989-08-01
365234822456183,"клх Иваново, наб. Механизаторов, д. 2/3, 228240",18119798,1998-09-26
417116518950292,"с. Валаам, пр. Шолохова, д. 881 к. 88, 985579",27484980,1971-05-03
779892828284462,"к. Бийск, ул. Лесхозная, д. 6 стр. 67, 892856",11612980,2020-04-02
951270470419896,"п. Верхнее Пенжино, пр. Николаева, д. 477 к. 27, 518013",7407571,1987-05-21
216758806924044,"клх Мелеуз, пер. Труда, д. 56 к. 2, 042974",15305652,1984-10-11
874224223200025,"ст. Дудинка, бул. Поселковый, д. 88 стр. 1/2, 591535",11197367,1991-10-31
577054423726230,"с. Ахтубинск, наб. Ермака, д. 872, 538149",28177637,1986-04-24
554709502524248,"с. Валаам, пер. Циолковского, д. 4, 644743",27736721,2004-10-05
303315760723012,"п. Егорьевск, ш. Водников, д. 65 к. 3, 177433",4473264,1982-08-11
754601214245338,"г. Магас, наб. Ленина, д. 9/2 к. 8, 110040",24593395,1986-04-27
743678418055807,"с. Нефедова, пер. Цветочный, д. 48 стр. 241, 205696",11351221,2000-01-16
843492117392625,"г. Сузун, наб. Курчатова, д. 660 к. 2/4, 640895",15897915,1991-08-17
780654368785109,"клх Набережные Челны, наб. Казанская, д. 457, 495122",32943082,2018-07-04
466741955535756,"клх Шерегеш, пр. Машиностроителей, д. 6 стр. 1, 190435",14825018,1992-12-14
436601811211310,"г. Ярославль, алл. Дорожников, д. 638 к. 5, 073302",26226363,2009-03-18
505887918865075,"г. Советский, наб. Ульянова, д. 2 стр. 91, 998719",32700341,1974-03-23
615498021938595,"г. Красная Поляна, пр. Полтавский, д. 235 стр. 4, 937014",3778218,2012-08-31
726101891229009,"д. Новороссийка, пер. Заречный, д. 990 к. 8/8, 191456",38297025,2000-01-20
640797147143821,"п. Слюдянка, ш. Цветочное, д. 898, 433636",10840151,1981-04-20
299401022695357,"п. Нефтекамск, пр. Герцена, д. 1/5, 498172",9290922,1980-09-22
219087790178583,"д. Абинск, ул. Урицкого, д. 26 стр. 5/9, 365927",19811646,2012-01-07
894004142978429,"п. Тамбов, пр. Советский, д. 6/8 стр. 14, 815518",36980605,2008-03-15
175081079635938,"г. Чебаркуль, ш. Жукова, д. 973 стр. 237, 027562",5384080,2008-08-20
324254546174646,"к. Озеры, ул. Высокая, д. 48, 473567",28184628,1974-07-25
870483666534242,"д. Шелагонцы, бул. Южный, д. 8/5, 669950",30213817,1996-12-22
868875858207970,"п. Нефтегорск (Самар.), пер. Высоковольтный, д. 923 к. 322, 980208",8423394,2015-10-06
673646402970101,"п. Плес, пер. Приозерный, д. 7 к. 443, 969529",17886701,1985-10-18
176677893288062,"к. Жуковский, наб. Заозерная, д. 361, 664946",12918325,2009-10-18
213046618554114,"ст. Усть-Илимск, бул. Некрасова, д. 7/4 стр. 356, 050342",11321122,1991-08-22
738006726558644,"д. Петрозаводск, ш. Центральное, д. 63 к. 7/4, 303619",37530030,2017-05-23
397779768529554,"к. Белокуриха, пер. 50 лет ВЛКСМ, д. 7/6 стр. 2/2, 056355",34552184,1970-01-11
614512047328720,"д. Белый Яр (Томск.), ш. Чкалова, д. 9/3, 185237",13053014,1974-08-16
361367180707854,"д. Ахтубинск, пер. Зеленый, д. 5, 506714",38163476,1980-06-08
640840229244523,"п. Владивосток, пр. Никитина, д. 6, 598024",24196449,1982-01-07
750983862342602,"клх Бологое, пр. Советский, д. 18, 410832",11883638,2009-12-22
895225236662994,"к. Ульяновск, наб. Железнодорожная, д. 55 к. 5, 112198",13022608,1985-06-19
530822168160371,"ст. Ведено, ш. Лазурное, д. 2, 684733",8404992,2013-02-09
465574101952313,"д. Сладково, пр. Песочный, д. 15 к. 3, 392288",19562835,2005-01-18
896673326308482,"к. Таганрог, ул. Гаражная, д. 951 к. 39, 092399",26580425,1980-04-01
987669267197311,"п. Корсаков, алл. Казанская, д. 8, 905360",5720418,1989-07-26
482618275990167,"к. Хатанга, ш. Макарова, д. 8, 896682",37096720,1977-01-24
772665501609132,"д. Поярково, алл. Астраханская, д. 82 к. 8, 594568",27233675,1987-04-22
564765681090603,"д. Черкесск, пер. Школьный, д. 8, 486520",35984906,1987-11-15
767914860912578,"п. Кировск (Ленин.), бул. Родниковый, д. 4/5, 045163",20603308,1978-05-06
115350025807758,"клх Северодвинск, ул. Новосельская, д. 33 к. 7/1, 901497",16633266,1982-07-19
990961719638090,"ст. Лодейное Поле, ул. Суворова, д. 218, 478063",18912263,1995-08-04
721659436368684,"с. Яр-Сале, наб. Главная, д. 4/7 к. 74, 031677",4952730,2014-03-06
574041436973143,"к. Оймякон, ш. Пархоменко, д. 57 к. 7/5, 259670",6926066,2008-07-07
420603404793070,"к. Кинешма, ш. Ермака, д. 1 стр. 508, 298841",12535520,1984-10-21
216358675676468,"д. Белорецк, ш. Юности, д. 97, 902498",30382117,1999-01-15
666365529325497,"г. Владимир, бул. Леонова, д. 9/2 к. 981, 959818",36529035,1973-11-25
545126354575352,"с. Курумкан, бул. Циолковского, д. 900 к. 17, 372217",32046479,1977-02-04
610569385272297,"клх Элиста, пр. Севастопольский, д. 115 к. 7, 771594",29762093,2005-11-06
372308358172719,"к. Касимов, алл. Сибирская, д. 148, 872188",24550698,1970-07-31
412724827290195,"ст. Россошь, пр. Добролюбова, д. 591, 834661",39935753,2009-12-02
156623727049001,"д. Касимов, пр. Астраханский, д. 161, 064939",3577556,1976-08-12
774570466998541,"г. Павловский Посад, ул. Гончарова, д. 82 к. 23, 002033",26739262,1980-07-03
921578641787186,"п. Батайск, алл. Окружная, д. 270 стр. 4, 558634",3484577,2015-07-23
241957914868223,"ст. Оренбург, ш. Черемушки, д. 2 к. 4/9, 124978",22201080,1985-10-04
508194013353194,"д. Ростов, наб. Белорусская, д. 6, 362217",37489988,2003-10-17
358066418506676,"д. Гагарин, пр. Энергетиков, д. 840 стр. 8/9, 722767",21645408,1975-07-20
566063101493760,"к. Кизилюрт, алл. Рыбацкая, д. 3 стр. 5, 932597",32761380,1974-05-07
845363351601048,"д. Кижи, ш. Ударное, д. 32, 057816",8601425,1978-02-19
907944380224310,"с. Воркута, ул. Заозерная, д. 7/4 к. 4, 259434",28311805,1975-09-12
908160149861061,"с. Великий Устюг, бул. Нахимова, д. 885 стр. 6/8, 379651",21667130,1977-11-24
590410891838906,"с. Славянск-на-Кубани, бул. Театральный, д. 9/8, 852818",17162892,1991-02-09
546279411258362,"г. Юрюзань, ш. Мелиоративное, д. 2/8 стр. 4, 263218",24000050,2009-01-08
583412917647572,"д. Кырен, пр. Р.Люксембург, д. 8 к. 3, 773390",18709061,1996-07-03
391861184071559,"к. Чебоксары, ш. Радужное, д. 9/5 к. 495, 747184",37975360,2017-01-30
146802879728888,"д. Александров Гай, пер. Чайковского, д. 40, 425841",5077546,2005-09-25
442129608466132,"п. Омск, алл. Победа, д. 780 к. 68, 442348",10360737,2015-12-03
158921267708518,"г. Кашхатау, пр. 50 лет ВЛКСМ, д. 9, 056307",6823653,1988-06-03
901831609802471,"п. Каменск-Шахтинский, ш. Морское, д. 176 стр. 295, 762854",13427426,1970-02-08
393587902161172,"ст. Усть-Кут, наб. Горная, д. 846, 429870",16337531,1970-09-02
622988220656478,"ст. Нурлат, бул. Транспортный, д. 6/3 к. 86, 898514",35618539,1980-03-26
301607713538493,"клх Усть-Джегута, пр. Геологический, д. 34, 871945",2739433,1999-08-08
268592082466030,"клх Томари, пер. Привольный, д. 787, 496697",39497865,2018-01-04
692597198094292,"д. Чебаркуль, алл. Чкалова, д. 5 стр. 8/6, 378647",3392475,2014-07-07
791415055257151,"г. Пермь, алл. Сосновая, д. 3/9 стр. 5, 841227",19256906,2005-10-13
561416660894678,"к. Владивосток, наб. Достоевского, д. 8 стр. 841, 233214",6953640,1997-05-17
946416487655189,"г. Мезень, наб. Серова, д. 89 стр. 4, 738521",12505236,1993-06-20
555801607515966,"п. Кизилюрт, ш. Маяковского, д. 78, 773192",30579836,2000-05-20
609527478841349,"ст. Тарко-Сале, наб. Брянская, д. 5/1 стр. 2/3, 530426",29989928,1973-09-06
649826634735608,"г. Бирск, пер. Березовый, д. 5 стр. 160, 205623",18843270,1985-08-03
147748395616635,"к. Калязин, пр. Приозерный, д. 19 к. 3, 322145",23101572,1983-01-07
981520398469913,"клх Оса, алл. Цветочная, д. 72 к. 181, 918977",39341296,1988-11-09
887824643799529,"г. Вытегра, бул. Сельский, д. 50 стр. 31, 522254",13030291,2019-08-03
897941341603337,"клх Урай, пер. Ленинградский, д. 1/4 стр. 65, 451131",6666336,1974-12-05
666222293726629,"с. Завьялиха, бул. Кирпичный, д. 367, 763866",30160122,1993-06-19
998307644637797,"клх Вытегра, бул. Революционный, д. 7/7 к. 29, 838057",21030947,1996-03-24
215979121891756,"к. Воткинск, пер. Лунный, д. 8/3, 031965",19264018,1984-05-08
324459571029633,"п. Касимов, ш. Карьерное, д. 2/2 к. 381, 460046",16532885,1998-07-30
415038050187740,"к. Тутаев, алл. Толстого, д. 7/3 стр. 2/3, 109186",21190031,1972-12-17
692636084280107,"п. Красная Поляна, пр. Геологов, д. 69, 732997",24229795,2000-09-23
407824403393549,"п. Юрьев-Польский, пер. Кубанский, д. 567 стр. 13, 887955",27953358,2014-09-14
393996866392732,"д. Сибай, ул. Дружба, д. 12 к. 28, 162052",5909389,1979-07-07
617555175370353,"д. Иркутск, наб. Сосновая, д. 2 стр. 2, 467300",35646634,1992-08-13
974502702517852,"с. Теберда, алл. Радужная, д. 1/7 к. 9, 178740",26145074,2008-11-19
485830219429904,"г. Нарьян-Мар, ш. Суворова, д. 3/2, 634987",22082653,2015-01-19
105299931598701,"г. Югорск, пр. Орловский, д. 2/7 к. 7, 702768",5608724,2005-04-28
543241199115943,"п. Завьялиха, наб. Пожарского, д. 98 к. 210, 056153",25104801,1981-07-28
600631591952112,"с. Медногорск, бул. Магистральный, д. 285, 069714",18796234,2009-11-07
724369883036747,"г. Новороссийск, алл. Кузнецкая, д. 8/7 к. 6/9, 833547",29008105,2014-07-21
868918153815058,"клх Беслан, ул. Дорожников, д. 36 стр. 42, 983770",6372274,1984-01-28
157848089290177,"г. Одинцово, алл. Комсомольская, д. 3/2 стр. 9, 006310",15671183,1981-02-25
770118728120510,"п. Верхнее Пенжино, бул. 40 лет Победы, д. 3 стр. 157, 452112",22763707,2013-03-02
277093462089541,"д. Баргузин, наб. Целинная, д. 6, 836487",16564445,2008-02-18
835692054469212,"п. Ирбит, бул. Шоссейный, д. 2, 650959",11609672,1991-03-14
419304105774653,"п. Нефтекамск, ул. Кузнецова, д. 632 стр. 40, 418295",5349640,1987-04-15
672971787767785,"д. Ельня, наб. Громова, д. 6/6 стр. 539, 991400",3116515,1992-11-20
744973603565727,"к. Верхний Тагил, бул. Сиреневый, д. 164 к. 8/6, 872160",25747132,1990-10-25
978874458528281,"д. Обнинск, алл. Ясная, д. 5 стр. 8/2, 961259",15605240,1994-02-23
913478083058114,"клх Темрюк, бул. Кутузова, д. 9/2, 336074",22803947,2010-11-23
908439716687503,"к. Хоста, пр. Крайний, д. 1, 919175",5798616,1993-07-14
510011858826605,"д. Льгов, пер. Горный, д. 90, 781112",3810912,1995-05-19
855424751498177,"клх Невельск, бул. Мельничный, д. 8/2 к. 66, 312183",37932521,1986-10-29
932657709467522,"ст. Диксон, пр. Лазо, д. 2 стр. 8, 546677",26883276,1976-10-16
623894465978406,"с. Павловский Посад, алл. Раздольная, д. 2/7, 373258",35433662,1989-10-27
253385644404171,"к. Эльбрус, ул. 50 лет Победы, д. 6/3 стр. 2, 021373",39830286,1984-03-05
533910643412366,"г. Чулым, пер. Томский, д. 246 стр. 83, 750465",31000648,2019-05-19
519552415233658,"п. Углич, ш. Клары Цеткин, д. 9/7 к. 916, 051497",36634286,1985-11-29
813155250456049,"д. Надым, ш. Рябиновое, д. 64 стр. 3/6, 590533",15900157,1975-08-26
775727721345463,"с. Чулым, пер. 60 лет СССР, д. 472 к. 2, 839514",5686823,1999-08-30
249769867740227,"п. Беслан, бул. Ставропольский, д. 84 стр. 7/2, 901872",30810470,2011-10-29
326681135061776,"клх Северобайкальск, пер. Ольховый, д. 8 стр. 718, 282126",26596246,2004-09-09
153150902060359,"клх Ирбит, наб. Азина, д. 378 стр. 422, 425861",37895470,1988-08-29
118814713852123,"клх Мичуринск, пр. Космонавтов, д. 6/8, 621460",37762848,2010-12-11
569723156774332,"клх Верхотурье, алл. Ветеранов, д. 27, 678759",29185878,1997-10-15
101258405997779,"ст. Хоста, пер. Юности, д. 724 стр. 2, 179576",8569136,1979-05-25
421672487064591,"с. Кондопога, пер. Кирпичный, д. 68, 172007",24719470,2016-10-15
841968110687075,"г. Магас, наб. Красногвардейская, д. 6/2 к. 1/5, 336114",30780508,1976-06-15
658878482219902,"г. Канск, бул. Кузнецова, д. 4, 371229",12671916,2016-06-23
676017602177274,"ст. Соловки, ш. Свободы, д. 710 стр. 9, 119677",26561009,2002-12-23
638064169379788,"г. Туруханск, пр. Проезжий, д. 253 к. 3/1, 695670",39595145,2015-09-03
853268019535882,"г. Северобайкальск, пер. Есенина, д. 25 стр. 8/7, 426253",8418672,2003-12-09
953710238798379,"с. Кизел, пер. Пригородный, д. 3 к. 67, 944148",23068934,2007-05-27
577428485099289,"клх Бомнак, пер. Труда, д. 51 стр. 3/4, 030375",3422087,2017-08-14
762883741976482,"с. Стрежевой, наб. Раздольная, д. 4/3, 584193",17224499,2011-05-26
951398417540565,"г. Сеймчан, бул. Иванова, д. 13, 060019",22430823,2020-09-24
778155409259784,"с. Сочи, пр. Кавказский, д. 8, 235511",30935227,1974-08-09
832260488767389,"п. Красноселькуп, ш. Главное, д. 3/1 к. 25, 758969",21456423,1993-11-21
866141908301371,"г. Чулым, бул. Морской, д. 5, 619622",5147554,1989-10-03
992762254058085,"п. Устюжна, ул. Черемуховая, д. 2/6, 334855",38524029,1985-09-14
621376808765395,"с. Шадринск, наб. Олимпийская, д. 8 стр. 18, 288310",11149698,2014-08-20
692492491382005,"д. Кулунда, бул. Кедровый, д. 33 к. 2/6, 996878",6386759,2005-04-21
355603712097738,"д. Магадан, бул. Волжский, д. 62, 395459",14817617,1982-12-19
472799252636481,"д. Беломорск, ул. Новая, д. 5 стр. 4, 379541",23890612,2009-06-01
335788426352027,"ст. Снежинск, алл. Физкультурная, д. 8 к. 217, 269266",11831986,1999-12-14
498151651200374,"ст. Сосногорск, пр. Приозерный, д. 52, 539310",28216057,1991-06-05
268490719006530,"п. Всеволожск, бул. Байкальский, д. 64 стр. 2/2, 094235",22249892,1987-04-04
155573433361531,"г. Щелково, ш. Сахалинское, д. 157 стр. 6, 520404",21465681,2015-02-07
696483281913207,"к. Эльбрус, наб. Невского, д. 9, 268237",4564534,2000-07-14
296320879870281,"п. Стрежевой, ш. Сахалинское, д. 6 к. 4/6, 628122",20695139,2019-07-24
642917724140723,"п. Камышин, пр. Энгельса, д. 7/6, 387215",16490681,1971-06-18
911598211216736,"г. Таганрог, алл. Славянская, д. 6/4 к. 9/9, 317178",26096085,1992-06-19
135621560418526,"к. Владимир, наб. Ломоносова, д. 74 к. 52, 951596",12299281,1970-05-14
789596982093158,"ст. Мурманск, пр. Осипенко, д. 8/8 стр. 9, 384672",3283526,1996-05-06
631509844823989,"клх Магас, пер. Подстанция, д. 516 к. 64, 659353",3425207,2001-11-13
459124331760093,"п. Березники, наб. Санаторная, д. 5, 765358",5055451,1995-09-05
185862561272781,"г. Барнаул, ул. Подгорная, д. 81 к. 89, 877297",19120824,2009-08-10
924199946813511,"п. Шатой, пр. Кутузова, д. 1/8 к. 13, 610450",13698257,1992-06-19
318805492795177,"клх Серебряные Пруды, пер. Дальний, д. 579 к. 8, 279924",15819399,1994-01-26
180266251765762,"с. Моздок, пер. Специалистов, д. 98 стр. 563, 130661",22932850,1973-06-09
337127817775582,"д. Фатеж, наб. Морозова, д. 25, 596555",30164833,1989-07-20
115004193902174,"г. Аргаяш, пер. Микрорайон, д. 86 к. 89, 533408",23697785,2019-02-02
583055064059382,"с. Богучар, пр. Черемуховый, д. 2, 585980",26491749,2019-10-20
216205933875291,"клх Волгоград, пер. Шахтерский, д. 5 стр. 60, 362957",13799000,1977-02-08
232384928715246,"г. Оса, наб. Краснодарская, д. 5 стр. 72, 551020",21462966,1989-07-11
448468818439209,"клх Лагань, пер. Л.Толстого, д. 2/9, 855265",3791372,2019-12-08
433027755296671,"клх Учалы, пр. Депутатский, д. 639, 660749",19895186,1988-04-02
642038474183338,"п. Кизел, ул. Димитрова, д. 4/3, 122986",23033532,1984-10-31
398627969914548,"д. Сарапул, бул. Зои Космодемьянской, д. 4 к. 2/2, 271586",14922567,2013-06-05
586908821906909,"ст. Двинской, алл. Спартака, д. 864, 187485",12756764,1975-10-18
901987552583387,"г. Псебай, алл. Баумана, д. 89 к. 328, 581281",7338856,1980-02-09
354390891773689,"клх Каргасок, пер. Радищева, д. 635 к. 315, 200007",36057124,2011-03-31
242382360290996,"п. Аршан (Бурят.), ул. Луговая, д. 1 к. 9, 021053",39206070,2008-03-12
494285185011656,"ст. Белый Яр (Томск.), ш. Халтурина, д. 14, 302201",36435115,2001-09-29
396191265371942,"п. Ухта, наб. Революции, д. 8/2 к. 4, 977120",28736773,1991-11-17
161874545992173,"с. Елатьма, наб. Южная, д. 198 стр. 301, 580846",30125436,2016-08-04
467180988292602,"клх Братск, ш. Коммунаров, д. 2 стр. 30, 016541",15287954,2003-10-17
150696844403273,"к. Североуральск, пр. Мостовой, д. 2/7 стр. 408, 254071",28615664,1982-05-18
569323965346969,"клх Александров, ул. Невского, д. 7, 565926",5845709,1989-09-09
100615305002029,"с. Калязин, пр. Химиков, д. 9, 116221",37648439,1999-01-28
253959706689415,"п. Махачкала, бул. Кутузова, д. 52 стр. 545, 677292",24394025,2002-01-11
842280864542420,"г. Шереметьево, алл. Воронежская, д. 58 стр. 3/7, 141336",33989902,1988-11-01
333533953031764,"к. Белокуриха, пр. Смирнова, д. 150 стр. 8, 518897",7621186,1990-12-20
727943211785468,"п. Салехард, ш. Сплавное, д. 2 к. 4, 008193",12834917,2018-10-04
107469599564504,"с. Елабуга, ш. Жукова, д. 151 стр. 2/1, 584367",28844157,1981-05-05
173484821190105,"клх Волгоград, пр. Маркса, д. 43 к. 4, 081183",10235894,1979-11-21
824414893650366,"г. Великие Луки, пер. Полевой, д. 18 к. 3/2, 837546",29373087,1998-06-27
576195784955441,"п. Избербаш, ш. Высокое, д. 68 к. 91, 145553",13103874,1972-07-19
801727140520172,"д. Северобайкальск, ул. Троицкая, д. 451 стр. 31, 611330",14040507,2013-06-23
856201925683334,"с. Надым, бул. Фадеева, д. 7 к. 3/9, 313531",5725327,1971-09-23
313990801136554,"п. Якша, пер. Восьмого Марта, д. 2/2 стр. 6, 700882",9549222,2004-10-28
652077043351649,"клх Новочеркасск, пр. Серова, д. 897, 286324",33728136,2016-06-06
869133938545001,"клх Сортавала, ул. М.Горького, д. 8/6 стр. 59, 032062",17504615,2000-05-08
692285542022017,"с. Сыктывкар, ш. Высокое, д. 943 к. 47, 800988",38974357,2010-03-11
214792378356467,"к. Красногорск (Моск.), бул. Осенний, д. 12, 436510",17455201,1972-01-13
211023358156352,"д. Цимлянск, алл. Элеваторная, д. 789, 838857",28418552,2009-04-23
473048595020675,"п. Соликамск, бул. Саратовский, д. 8/4 к. 8/9, 893008",5212239,1970-04-23
781763791272723,"г. Тулун, ш. Макарова, д. 955 стр. 34, 246941",34497181,1995-12-20
436499985011889,"с. Таштагол, пер. Менделеева, д. 325, 958403",12659527,1994-10-14
565303435371857,"д. Малая Вишера, бул. Чехова, д. 725 к. 1/8, 606919",7717006,1973-07-31
150686436436552,"п. Старая Русса, наб. Олега Кошевого, д. 4 к. 8/8, 825395",5072677,1977-04-07
538223909718822,"г. Тула, ш. Автомобилистов, д. 3/9, 964259",14181543,1995-11-16
426887345412590,"д. Сосногорск, пр. Новгородский, д. 390 стр. 908, 924493",24477513,1975-09-18
102052810486619,"клх Сосновый Бор, бул. Полтавский, д. 12, 232503",33623234,1984-06-12
447083218377397,"с. Балтийск, пр. Березовый, д. 37 к. 8, 114829",13570669,2011-02-20
637536256256951,"г. Миллерово, ш. Иркутское, д. 110 к. 8, 880110",17204773,2007-06-22
710693391020123,"с. Тосно, пр. Щетинкина, д. 8 стр. 99, 878643",35305250,1999-12-05
267402255250521,"к. Бузулук, наб. Просторная, д. 55 к. 174, 113805",8103144,1983-10-08
131950880195905,"к. Белоярский, ш. Стадионное, д. 223 стр. 5, 903925",33494220,1980-08-19
951360562277604,"ст. Видное, пр. Красноярский, д. 2/5 стр. 5, 482152",5080490,1978-09-02
327288205358213,"к. Дудинка, ул. Невского, д. 3 стр. 22, 039075",8416620,1996-03-29
354203321090688,"д. Териберка, пер. Покровский, д. 43, 471184",39331228,2010-07-26
185746023399551,"г. Цимлянск, бул. Автомобилистов, д. 398 стр. 90, 925409",16812226,2020-04-14
607997149923200,"д. Кедровый, наб. Красная, д. 821 стр. 34, 788549",2830318,2013-12-10
929744139745850,"с. Яхрома, пр. Макаренко, д. 284 стр. 56, 126701",30829955,1989-03-01
283576355250552,"ст. Вологда, наб. Толстого, д. 341 к. 5, 899203",37453312,2018-12-29
151348027222568,"с. Оймякон, пр. Льва Толстого, д. 724 к. 464, 384478",7047275,1981-04-24
536273645734894,"д. Белый Яр (Томск.), пер. Совхозный, д. 8, 908598",3694595,2019-07-05
768629964662460,"к. Нарьян-Мар, ш. Кавказское, д. 31 к. 78, 140583",23117388,1976-08-04
905828716671084,"клх Оренбург, алл. Строительная, д. 2 к. 762, 605266",36979459,1973-05-16
719459985872330,"с. Мытищи, пер. Нижний, д. 197 к. 1, 956126",19945497,2000-02-03
521643941846307,"к. Абакан, ул. Путейская, д. 330, 716727",23690621,2017-03-24
475846193148877,"к. Санкт-Петербург, пр. Марта 8, д. 2 стр. 1/4, 318577",27482295,1981-12-21
259430959239516,"г. Набережные Челны, пр. Поселковый, д. 109, 636697",29706054,2011-07-09
216243371837897,"клх Миллерово, ш. Медицинское, д. 96 стр. 202, 003700",19866703,1970-01-15
143454476066530,"с. Кирово-Чепецк, пр. Профсоюзный, д. 388 к. 5, 149458",16259499,2014-09-13
257434647582334,"к. Ангарск, ул. Техническая, д. 3/8 стр. 4, 798866",31029585,1985-07-28
747774595377427,"с. Алексин, ул. Просвещения, д. 2/6 стр. 5, 262427",12765421,2006-03-21
954144638803452,"с. Кашхатау, ш. Привокзальное, д. 4 к. 8, 027736",36135933,1975-08-10
915981004914396,"г. Лесной (Сверд.), пр. Серова, д. 2 стр. 201, 457319",30522745,2011-01-23
767219369207297,"ст. Устюжна, ул. Цветочная, д. 3, 955858",27563735,1975-02-26
718447168012629,"ст. Вилюйск, пер. Советов, д. 624, 574771",29414366,1999-10-23
412460079778319,"д. Невинномысск, пер. Новгородский, д. 56 к. 995, 759121",13595334,2000-11-27
981419837573981,"с. Енисейск, ш. Розы Люксембург, д. 9/1 к. 9/5, 007624",29212640,1980-07-08
617100788355620,"ст. Тырныауз, алл. Тупиковая, д. 280 стр. 416, 396818",36618929,1977-07-19
272878954831929,"п. Ялуторовск, ул. Донская, д. 79, 736544",36073842,2016-03-27
124836232373293,"с. Сосногорск, наб. Ставропольская, д. 4/1, 700253",7303606,1992-10-29
456526935816845,"к. Карабудахкент, ул. Светлая, д. 4 к. 5, 422095",22144613,2005-06-19
584659496766758,"клх Нарым, ш. Солнечное, д. 4/9, 424423",31480263,1975-01-14
746682433564032,"д. Шарья, ул. Мира, д. 87, 257190",11673492,1971-08-14
989723050167649,"п. Галич, наб. Нагорная, д. 9/5, 384207",7786249,1993-09-03
816944739136433,"ст. Томск, ул. Ульяновская, д. 6/4 стр. 34, 134610",32608786,2000-02-23
219721107873015,"клх Щелково, ул. 1 Мая, д. 610 стр. 203, 046768",30299565,1987-07-25
413150637540247,"с. Черкесск, ул. 50 лет Победы, д. 11 к. 83, 549750",5681553,1996-12-15
556106045654862,"г. Ясный (Оренб.), алл. Чкалова, д. 297 к. 6, 166430",9373058,1983-01-02
382657978875016,"к. Бронницы, пер. Дружбы, д. 645 стр. 3, 813992",14007659,1997-09-27
412790397921441,"ст. Усть-Катав, пер. Тополиный, д. 1, 857100",36805491,2012-01-27
681151800532295,"ст. Санкт-Петербург, бул. Таежный, д. 12 стр. 4/3, 825771",33056680,1992-04-04
764091453324554,"г. Иваново, пер. Литейный, д. 8/5 к. 156, 946362",24723019,2003-02-16
789155884777587,"с. Бодайбо, ш. Серафимовича, д. 910, 482837",4530682,1981-12-27
461703788780102,"ст. Поронайск, ул. Крылова, д. 541 к. 53, 020544",30312081,2003-05-20
670805276845473,"клх Уссурийск, пер. Водопроводный, д. 8 стр. 422, 138936",9550270,1979-11-01
362215314937090,"к. Северобайкальск, ш. Московское, д. 2/8 стр. 1, 625969",15102441,1991-01-28
652090262236358,"клх Подольск, пр. Совхозный, д. 3/6 стр. 43, 592520",12251697,1988-04-02
729507263792106,"с. Североморск, ул. Украинская, д. 8 стр. 6/9, 849369",37695838,2002-07-25
815436042719205,"к. Ясный (Оренб.), ул. О.Кошевого, д. 24, 638920",17387933,2017-08-12
742403782201650,"к. Азов (Рост.), ш. Надежды, д. 97 к. 9, 566116",13522745,2004-08-12
449880236043997,"с. Светлогорск (Калин.), алл. Космическая, д. 2/7 к. 496, 907819",8816966,1971-04-28
314645654503500,"к. Верхотурье, ш. К.Маркса, д. 5/9, 694592",29840142,2016-07-29
695774774577780,"к. Гудермес, пр. Совхозный, д. 3 к. 5, 592788",10286030,1974-05-05
605119083185970,"к. Биробиджан, бул. Саратовский, д. 810 стр. 14, 931703",18196564,1980-02-07
677838003493797,"с. Быково (метеост.), ш. Панфилова, д. 54, 871028",21705775,1984-08-22
926186925268184,"к. Калининград, ул. Пограничная, д. 1 к. 38, 981864",20413771,1988-09-28
694147936122469,"с. Лабинск, ул. Павлова, д. 208 стр. 1/9, 505212",39888700,1995-01-03
606262325678868,"п. Кимры, пер. Декабристов, д. 8, 621321",8653232,1998-04-03
268840868797404,"г. Печенга, алл. Просторная, д. 489, 622187",35428768,2005-03-26
234056015665631,"п. Глазов, ш. Орджоникидзе, д. 39 к. 1/2, 506204",12067413,1979-11-01
911151022036068,"д. Анапа, пр. Поперечный, д. 79 к. 2/1, 654651",34099068,2014-08-27
385439354507848,"ст. Чита, пр. Красина, д. 570 стр. 811, 882081",16211029,2007-03-26
434146644881861,"к. Бронницы, пр. Победы, д. 743 к. 1, 088048",11766093,2010-01-21
882344473015479,"г. Верещагино (Перм.), пер. Бабушкина, д. 3 к. 327, 199737",26200272,1977-01-15
787173787860131,"г. Моздок, пер. Чайкиной, д. 982, 865162",10347176,1999-12-16
147092324177589,"д. Куртамыш, пр. Спортивный, д. 8 стр. 64, 785241",13597034,1991-09-21
752947586856725,"д. Королев, наб. 50 лет Октября, д. 3/8, 130584",11778469,1974-09-21
331401869633401,"д. Ставрополь, наб. Титова, д. 1 к. 896, 982694",26609226,2010-03-09
737399544081062,"п. Майкоп, бул. Верхний, д. 60 к. 8/5, 379130",31010614,1987-05-01
114643155024621,"п. Усть-Ордынский, ул. Нагорная, д. 3/8 стр. 723, 536291",5864018,1976-11-13
775428935251895,"ст. Троицк (Моск.), алл. Транспортная, д. 7, 325462",23487210,2016-05-02
241004785000929,"ст. Байкальск, пр. Дружба, д. 8/3 к. 8/8, 634855",5817363,2012-05-16
309548174897466,"к. Ногинск (Моск.), наб. Петровская, д. 9 к. 2/6, 598881",27406216,1981-03-23
340445703068691,"д. Комсомольск-на-Амуре, бул. Шевченко, д. 568, 950670",6703522,2000-01-26
381487717928606,"д. Беломорск, пр. Томский, д. 18 стр. 428, 461481",33358491,1991-01-19
600740593130716,"клх Тюмень, пр. Краснофлотский, д. 872 стр. 7, 730894",10192397,2018-03-10
475187640785152,"г. Александров Гай, наб. Севастопольская, д. 83 стр. 358, 640817",10703419,1973-03-18
864518101331003,"к. Апатиты, бул. Садовый, д. 24, 664774",15896875,2003-03-24
833083202710851,"п. Байкальск, пер. Тихий, д. 2/8, 024890",39135211,1990-07-17
515089950795658,"к. Яхрома, пр. Трактовый, д. 7/5 стр. 3/8, 738574",27378739,1991-09-14
820558487977278,"п. Тихорецк, ш. Рылеева, д. 4, 441220",24182878,1975-11-08
458010123025252,"г. Вилюйск, алл. Российская, д. 542 к. 719, 788316",6569900,1991-08-15
785324057929058,"д. Александров Гай, ш. Прохладное, д. 564 стр. 216, 452974",12767088,2000-02-10
855769617647515,"клх Катайск, бул. Тургенева, д. 3 к. 801, 552593",7428651,2016-02-06
792035073023159,"г. Петушки, наб. Максима Горького, д. 6, 006937",9948127,1995-06-29
691978495795176,"к. Борзя, ш. Озерное, д. 131, 654310",35386973,1996-11-28
388951813209422,"к. Верхний Тагил, ш. ДОС, д. 2 стр. 28, 893870",20164939,2014-10-11
373924764527365,"клх Торжок, алл. Индустриальная, д. 729 к. 845, 145371",3670412,2010-01-13
999223560814427,"д. Ясный (Оренб.), пр. Аэродромный, д. 4 стр. 6/8, 339169",16317651,2010-02-21
917783365699024,"к. Камышлов, алл. Буденного, д. 25 к. 8/8, 367269",7033928,1992-10-25
636947806253708,"с. Белоярский, бул. Высокий, д. 8/5, 462770",2679242,1971-06-17
994351777937360,"клх Адыгейск, бул. Победы, д. 311 стр. 7, 449090",28337741,1979-11-02
213284152973576,"п. Джубга, ш. Приозерное, д. 81, 316802",36603616,1981-06-27
202672915140782,"г. Анадырь, пр. Беляева, д. 7/5 к. 836, 775388",19701085,2000-09-03
548483617393506,"клх Курумкан, пр. 50 лет Октября, д. 97, 804016",29173267,2006-07-14
425642188323472,"с. Южно-Сахалинск, ш. Городское, д. 5 к. 7/6, 729085",18292858,1988-07-27
478351323807672,"к. Шали, бул. Железнодорожный, д. 65 к. 1/3, 616980",29272247,2013-11-10
697771192813753,"п. Троицк (Челяб.), бул. Димитрова, д. 8 стр. 12, 089796",3846764,1993-10-19
722832887964184,"д. Киржач, алл. Кошевого, д. 616 стр. 2, 923671",39698537,2018-06-09
756890048741071,"г. Сеймчан, пер. Красина, д. 8/4 к. 64, 165951",8850895,1970-03-20
961826528657812,"ст. Серпухов, бул. Союзный, д. 5 к. 64, 732577",30347799,1999-02-27
241241594606945,"ст. Павловская, пер. Крупской, д. 161 стр. 4, 775851",25826409,1992-06-10
528723397847659,"д. Бронницы, пер. Островского, д. 634 стр. 7/9, 872078",23787559,2006-05-16
166274861258875,"клх Сорочинск, пр. Восьмого Марта, д. 563 стр. 454, 490696",38534683,1998-09-27
374318032787199,"к. Снежногорск (Мурм.), алл. Кубанская, д. 3 к. 96, 706889",22947981,2013-07-19
837228631322585,"п. Вилюйск, бул. Толбухина, д. 7/5 стр. 931, 038996",32605773,2010-02-06
891141186903259,"ст. Южно-Сахалинск, пр. Веселый, д. 256, 697282",33190875,2018-02-21
476577527479906,"г. Морозовск, бул. Волгоградский, д. 466, 483044",6834467,2008-12-09
676584084260297,"с. Каргасок, ш. Локомотивное, д. 302 к. 952, 047832",25262263,1970-06-13
288556126004226,"п. Казань, наб. Астраханская, д. 67 к. 887, 750800",8561446,1985-11-06
825844816533386,"клх Красногорск (Моск.), бул. Приозерный, д. 67 к. 164, 084588",26707505,1989-01-24
270626235438367,"д. Красноуральск, пр. Дорожный, д. 421, 879127",32869309,1982-03-16
279235041123009,"д. Железногорск(Курск.), бул. Труда, д. 1/2 стр. 48, 529643",31460190,1973-05-10
165036104595781,"клх Новочеркасск, наб. Короткая, д. 327 к. 90, 253629",39024108,1987-06-11
624012899402546,"с. Качканар, наб. Станиславского, д. 2/5 стр. 1, 201138",9892400,1984-11-19
501259973043035,"п. Кимры, бул. Коммунистический, д. 10 к. 72, 793770",22404500,2001-12-06
392078076871037,"г. Бавлы, бул. Макарова, д. 191, 446201",25199048,1997-02-10
719723968453552,"ст. Валаам, пер. Февральский, д. 4 стр. 6/4, 557604",8457542,1999-10-11
348067586553204,"п. Аргаяш, бул. Таежный, д. 982, 596405",6472101,1976-07-19
413509264194010,"ст. Каменск-Шахтинский, ул. Интернациональная, д. 6, 794611",7822986,1988-09-03
745500802748157,"п. Гремячинск (Перм.), ш. Енисейское, д. 8 стр. 1, 430360",17151095,2020-04-14
867814026007481,"с. Красноуральск, наб. Казанская, д. 809, 368132",7529030,1970-01-10
627114059635282,"с. Тавда, пер. Социалистический, д. 287 к. 9, 829874",9177845,2007-09-10
991419841510622,"г. Плес, ул. 60 лет Октября, д. 42, 971665",12876049,2012-10-13
287207529886701,"п. Сызрань, пр. Московский, д. 9 стр. 787, 237356",24269797,2002-09-29
873695546114323,"клх Москва, наб. Мелиораторов, д. 5/4, 884547",28465754,1999-08-15
320936355858910,"к. Нефтекамск, ш. Проезжее, д. 2, 888136",6386195,1979-12-25
798594264230316,"с. Ясный (Оренб.), пер. Ермака, д. 450 стр. 45, 115172",7152047,1975-07-02
973937195984904,"ст. Октябрьский (Башк.), пер. Суворова, д. 522, 619623",24452523,1974-12-16
452024036611687,"к. Кулу, бул. Чехова, д. 9 к. 2/3, 688299",6748341,1972-11-15
637330338006794,"клх Шерегеш, наб. Краснопартизанская, д. 917 стр. 987, 448157",6750284,1989-03-28
352041430155591,"г. Чебаркуль, наб. Лесозаводская, д. 41 к. 45, 919264",35119520,2000-06-23
610670256857468,"д. Каневская, ш. Ермака, д. 2, 927584",32922758,1980-12-10
671007386998783,"п. Ейск, ул. Советов, д. 6, 564217",28152279,2010-06-24
636092075052765,"п. Карабудахкент, пер. Седова, д. 720 к. 459, 715686",35768257,1989-08-23
510806904780885,"к. Холмогоры, ш. Бригадное, д. 3/3 стр. 17, 447467",24725017,1998-06-14
352585886048589,"г. Курганинск, бул. Магистральный, д. 424 стр. 35, 555360",25241311,1978-11-28
612524878199442,"к. Моздок, ул. Степная, д. 6, 947352",23495701,1991-02-07
293481305084701,"клх Майкоп, бул. Курский, д. 243 стр. 5/8, 414014",2875052,1998-09-19
295430202148779,"с. Бугульма, наб. Кирова, д. 45, 071220",26345105,2005-08-13
932024035775337,"к. Галич, алл. Путевая, д. 5/7 к. 849, 955240",16550459,1989-12-01
407458203374935,"к. Лянтор, бул. Ростовский, д. 66 стр. 9/7, 773475",14061455,1997-04-19
706786833477982,"ст. Териберка, бул. Дружба, д. 782 к. 7/2, 594536",36872949,2008-10-08
474264138603958,"ст. Апрелевка, наб. Кутузова, д. 25, 602622",12832657,1983-08-15
236763115801311,"п. Глазов, пер. Жукова, д. 9/3 к. 821, 718502",33510778,1974-10-03
954431605249906,"г. Саров (Морд.), бул. Кавказский, д. 84, 751700",39117456,2009-09-13
228401026718540,"с. Шадринск, пер. Зеленый, д. 92, 560550",38297818,1979-07-26
944205612267277,"к. Курган, бул. Мусы Джалиля, д. 8 стр. 7/1, 705118",39041784,2012-04-15
730992358186154,"д. Каменск-Уральский, пр. Плеханова, д. 47 к. 571, 854227",11133257,1995-07-02
974866073752379,"г. Волгоград, пр. Колхозный, д. 7/9 к. 336, 899317",39287473,1993-01-18
887494235260321,"клх Сунтар, ул. 70 лет Октября, д. 68 к. 7/9, 822202",10211051,1974-08-25
427248002788058,"г. Амдерма, бул. Песочный, д. 92, 089078",39185538,1973-03-08
384317691620644,"к. Игнашино, бул. Радужный, д. 7/7 стр. 99, 161314",4445528,1983-08-21
173940830437062,"ст. Ступино, наб. Энгельса, д. 6/8, 183423",12777501,1980-02-01
505012553303116,"с. Таганрог, бул. Новый, д. 884, 735254",18309234,1977-06-13
702392085269653,"клх Соль-Илецк, пер. Революции, д. 396 к. 152, 831979",11303642,2003-04-15
504136342041666,"к. Сухиничи, бул. Карла Либкнехта, д. 2, 829033",12954136,2001-10-03
649846970815508,"п. Крымск, ул. Серова, д. 9 стр. 4, 413613",7680903,2016-06-17
104006417544416,"п. Курчатов, наб. Баумана, д. 441, 887057",9999146,1992-06-23
474879385402248,"ст. Сергиев Посад, пр. Почтовый, д. 303 стр. 4, 759695",9207686,2019-12-05
862202280558156,"к. Калевала, бул. Физкультурный, д. 928 стр. 15, 189720",14945766,2012-01-29
957081104642800,"ст. Выборг, алл. Вавилова, д. 8, 764131",24267472,2014-01-02
704293241883970,"клх Горячинск, алл. Челюскинцев, д. 17 к. 3/7, 668434",2900192,1973-03-03
710776549847404,"г. Охотск, ул. Черняховского, д. 26, 251824",16546049,2008-02-21
219361658911496,"к. Иваново, ул. Макаренко, д. 8/8 к. 70, 957566",31945491,1974-05-11
241323135359204,"ст. Губкин, ул. Вокзальная, д. 5/6, 347835",35518096,1998-02-12
154439913411263,"п. Лабытнанги, алл. Макаренко, д. 21 к. 5/5, 369112",36689621,1974-02-19
224569323146823,"д. Избербаш, наб. Громова, д. 51 к. 5/5, 415035",31568561,2012-08-09
647366274560442,"ст. Тулпан, пер. Беляева, д. 76, 554607",14760571,1972-02-13
506356457850665,"д. Вуктыл, алл. Крымская, д. 3/5 стр. 305, 475416",20185114,1980-07-10
297362514165000,"ст. Мценск, бул. Новоселов, д. 259 стр. 337, 713687",7023063,2017-06-23
479657357955202,"клх Хасан, ул. Физкультурная, д. 5/7 стр. 3, 308667",29348352,2019-12-01
709154964546685,"ст. Шенкурск, алл. Донская, д. 31, 805350",18505750,1980-12-31
822164040113865,"с. Красноселькуп, алл. Курганная, д. 7/8 к. 737, 917914",39790910,1989-08-14
635189938004022,"к. Хасан, пр. Чапаева, д. 969, 142086",12217328,1992-04-06
776314386898223,"клх Чебаркуль, ш. Станиславского, д. 28, 749040",18121344,2013-04-24
839469415620744,"с. Елатьма, ш. Лесозаводское, д. 6 стр. 7/5, 508106",20713176,2017-09-09
628391195592061,"к. Череповец, пер. Макарова, д. 347 к. 7, 433817",13552638,1994-02-04
989733825351589,"ст. Сузун, бул. Украинский, д. 550, 237836",37654508,2005-12-08
576121980962405,"п. Избербаш, пр. Некрасова, д. 2 стр. 69, 021757",10351811,2009-10-26
596785998712400,"ст. Палана, ул. Папанина, д. 923 к. 9/4, 089382",38824286,1984-10-24
841119231366196,"клх Новосибирск, ш. Тельмана, д. 49 стр. 48, 758702",18986239,1973-08-05
603120305593461,"д. Суздаль, наб. Блюхера, д. 727 стр. 8/7, 080545",26977900,1976-10-31
822896306008908,"д. Ейск, алл. Тургенева, д. 73 стр. 7/7, 937908",39647890,1972-12-25
995103946825219,"клх Курск, пер. Линейный, д. 87 к. 26, 316826",26133090,1996-12-17
709065764842112,"с. Игнашино, алл. Добролюбова, д. 5/7, 947357",14890809,1976-04-15
404600400867509,"клх Малгобек, бул. Рязанский, д. 655 стр. 6/3, 645136",8045757,1984-06-23
850227857044515,"г. Щельяюр, ул. Дальняя, д. 7/5 стр. 2, 049834",33530668,1987-04-01
145124741566327,"к. Малоярославец, ш. 50 лет Победы, д. 100, 345357",15566934,2005-11-23
719824069522680,"к. Кировск (Ленин.), бул. Седова, д. 1/7 к. 149, 873317",6959571,2017-04-11
735082156941040,"п. Руза, алл. Авиационная, д. 1/9 стр. 6, 365023",8475067,1978-06-20
162090281007057,"клх Завьялиха, наб. Тамбовская, д. 8, 188063",19015309,1975-04-02
337424315004519,"д. Биробиджан, бул. Кубанский, д. 889 к. 650, 253223",39310849,1987-03-28
340892667909519,"клх Железногорск(Курск.), пр. Воровского, д. 6/3 стр. 2/6, 225294",7377199,2000-10-23
839080667067908,"клх Бийск, пер. Стахановский, д. 6, 466994",16370452,2005-09-02
502163928128275,"с. Жуковский, бул. Уральский, д. 3 стр. 50, 617815",22984807,1992-08-08
180617536358717,"ст. Сортавала, ш. Центральное, д. 2 к. 526, 007151",30151068,2008-08-25
576500284422424,"г. Дубна, ул. Специалистов, д. 6/8 стр. 8/2, 830354",18113381,1984-01-11
746899457976120,"к. Макаров, алл. Украинская, д. 326 стр. 101, 236258",35687691,1976-03-05
152702463978056,"д. Салехард, пер. Мира, д. 947 стр. 613, 807862",31017787,2014-07-30
581952930587980,"п. Барнаул, бул. Осенний, д. 682 к. 4/7, 136228",3181807,1990-09-21
127279249646203,"п. Чулым, пер. Леваневского, д. 367, 598056",29604502,1974-11-21
860283433642236,"к. Шарья, ул. Республиканская, д. 949 к. 5, 054442",10498014,1973-08-09
732797101022122,"клх Камень-на-Оби, наб. Сиреневая, д. 2/7 стр. 371, 635677",23519195,1973-03-25
959646303846699,"клх Холмск, алл. Макаренко, д. 15 к. 61, 683900",5646505,1971-12-11
831657884131073,"г. Калининград, пер. Луговой, д. 394 к. 531, 228323",20038418,1974-10-17
417982662243124,"клх Плесецк, пер. Подлесный, д. 3/4 стр. 964, 592643",14705479,2011-07-15
965396953828426,"д. Корсаков, ул. Привольная, д. 39 стр. 3, 406119",5182583,1983-11-22
590689604632513,"ст. Миасс, пер. Томский, д. 8/8 стр. 5/6, 820739",35352742,2012-06-25
193548191952267,"клх Красная Поляна, ул. Гаражная, д. 1/8, 464011",18048725,1973-05-02
683441002724384,"с. Нижнеудинск, алл. Восточная, д. 2 к. 6/8, 859656",7924667,1985-09-29
939639933775252,"с. Холмогоры, пр. Химиков, д. 63 стр. 4, 052211",29939805,1979-04-26
103319203686198,"г. Домбай, наб. Курортная, д. 5/5, 045639",36683600,2008-07-21
274722009738839,"с. Королев, ш. Блюхера, д. 779, 279321",28884223,2015-03-16
249900097708750,"п. Серпухов, ул. Крестьянская, д. 59, 374574",19645524,1985-10-12
360878009258383,"с. Устюжна, пер. Кузнецова, д. 1/1 стр. 595, 733647",6963282,1978-05-09
372659219622917,"к. Каргополь, бул. Гоголя, д. 6/8 стр. 59, 604610",8333455,2018-09-14
936441094813761,"г. Буйнакск, пер. Ручейный, д. 792 стр. 94, 108075",15957922,1979-05-17
566122886282459,"п. Каменномостский, наб. Карбышева, д. 2, 427084",17940104,1983-06-05
644127375038810,"п. Верхний Тагил, бул. Восточный, д. 77 стр. 5/1, 795727",27456128,1999-11-17
319551221464625,"клх Моршанск, бул. Строительный, д. 867 стр. 754, 893490",22460269,2008-08-30
426289385135975,"клх Сергиев Посад, бул. Крылова, д. 386, 689955",24264631,2005-09-14
128895918723313,"г. Агата, ул. Донская, д. 6 стр. 5/2, 088610",15919128,1982-04-06
758976384512087,"д. Старая Русса, ш. Дарвина, д. 93, 393669",30010783,1999-11-17
253227130674380,"г. Устюжна, алл. Шаумяна, д. 9 стр. 888, 518854",9058665,2014-12-31
420976478531713,"п. Балашиха, наб. Целинная, д. 487, 480781",32781723,2019-02-20
179723301259061,"д. Улан-Удэ, пер. Горняцкий, д. 8/6 стр. 8, 870170",35745591,1999-08-10
361839264366224,"ст. Джубга, алл. 30 лет Победы, д. 6, 553759",9372523,1988-06-25
330793806296800,"г. Сосновый Бор, ш. Водников, д. 5/4, 542729",14073977,1986-07-17
646645705430252,"к. Кыштым, бул. Космический, д. 23 к. 49, 914560",7666164,2017-03-06
302032427040978,"п. Каменск-Уральский, пр. Культуры, д. 6 к. 5/7, 388584",8401491,2004-11-26
375137887209203,"д. Калач-на-Дону, бул. Полевой, д. 708 стр. 6/2, 981986",7882234,2012-06-18
259028661730779,"г. Кинешма, ш. Лесхозное, д. 3/3 к. 8/2, 999368",34874372,1979-08-06
995561452498790,"ст. Новороссийск, ш. Волгоградское, д. 72 стр. 895, 106487",37641051,2002-04-20
535715137568985,"п. Моршанск, пр. Добролюбова, д. 217, 721817",16264927,2002-10-09
210704442252076,"г. Лысьва, пр. Клубный, д. 460 стр. 2, 474702",28857576,1970-12-29
750372771121661,"г. Белореченск, пер. Горького, д. 20, 971868",37627315,1976-06-18
459951106085036,"г. Вытегра, наб. Войкова, д. 188 к. 903, 674978",20065469,2010-03-14
993527125981386,"ст. Химки, ул. Рабочая, д. 803 стр. 3/1, 559353",32650555,1972-08-09
116687902169913,"п. Арсеньев, пр. Партизанский, д. 669, 662832",8763167,1981-11-30
584290874537818,"клх Нарым, ш. Московское, д. 492 стр. 417, 764950",3054225,1970-07-05
791833156690463,"с. Усть-Илимск, алл. Красных Партизан, д. 86 стр. 27, 280789",33906766,2009-12-29
151760978477153,"г. Шадринск, пр. Пожарского, д. 2 к. 51, 891667",29602441,2010-11-03
803721627323010,"к. Грозный, пр. Р.Люксембург, д. 475 к. 9/9, 677797",20655826,2000-08-21
172947394137771,"д. Геленджик, ул. Совхозная, д. 832, 796438",29970122,1990-05-05
163917706561513,"с. Новый Оскол, алл. Коллективная, д. 735 стр. 4/9, 079081",21615415,1973-05-27
362809023543279,"г. Иркутск, пер. Коллективный, д. 349 к. 90, 662508",39876052,2006-05-02
206951669666148,"к. Бомнак, наб. Карьерная, д. 7 к. 6/4, 044914",29029494,1994-11-03
443315876273126,"клх Избербаш, бул. Школьный, д. 262 к. 9/5, 966082",35405563,2011-01-24
699669698096514,"к. Шерегеш, ул. Омская, д. 40 к. 1/1, 929474",32374434,2007-10-19
186243121397781,"к. Новый Оскол, алл. Просторная, д. 6/7, 621738",35636847,1973-06-23
248289769590368,"д. Новороссийск, пер. Поселковый, д. 47, 598292",23551273,2008-12-19
295981676562206,"д. Йошкар-Ола, пер. Николаева, д. 6/5 к. 4/5, 654091",21487345,1992-06-03
285122490315755,"с. Баксан, ш. Партизанское, д. 21, 134344",23932849,1971-08-15
220496112900435,"г. Валаам, пер. Сосновый, д. 484 стр. 2/1, 978077",33642841,1992-09-28
292108596682294,"п. Тихвин, алл. Брянская, д. 9 к. 3, 581268",20433011,2011-09-03
661500551868247,"д. Хужир, наб. Кузнецова, д. 60, 048136",11959777,2011-11-06
955609833772816,"д. Надым, пер. Хвойный, д. 5 к. 19, 196635",11356802,2009-03-08
806676103169257,"ст. Иркутск, наб. 9 Января, д. 135 стр. 119, 794483",23202632,1998-10-25
796804139730298,"клх Мостовской, алл. Победа, д. 529 к. 96, 262911",23413656,2017-01-23
973736429886401,"д. Буйнакск, пр. Достоевского, д. 2/1 к. 302, 333856",6643044,2005-09-01
817941022547063,"с. Шереметьево, ш. Дальневосточное, д. 43 стр. 391, 028590",13039291,2003-08-11
152629053707697,"к. Углегорск, наб. Ягодная, д. 2 стр. 727, 079639",25031704,1992-09-21
764700452016738,"г. Слюдянка, наб. Морская, д. 548 стр. 159, 939871",23388829,2009-04-22
545698900064859,"к. Ульяновск, ул. Фурманова, д. 23 стр. 54, 423082",33561024,1984-09-14
757367101539096,"д. Крымск, наб. Бабушкина, д. 5, 626130",13183569,1988-11-06
752668744161460,"с. Астрахань, ш. Марта 8, д. 1/5 стр. 79, 724690",30792782,2020-01-28
525525470116250,"ст. Владимир, пер. Советов, д. 4 к. 2/7, 569668",35732339,1996-07-10
375524933347020,"д. Оренбург, наб. Октября, д. 197, 775722",24270360,2009-03-11
884096539600444,"г. Балашов, пр. Репина, д. 6 стр. 142, 679889",9923034,2003-09-28
418218718817639,"г. Егорьевск, пр. Горный, д. 8, 162774",22441542,2003-03-20
803810096743991,"д. Глазов, наб. Тельмана, д. 489 стр. 60, 329223",7189017,1974-02-16
889166654473595,"к. Самара, пер. Герцена, д. 21 стр. 73, 502558",26946480,1993-07-24
